"","PFAM_IDs","Conserved_W"
"1","Domain1","0"
"2","Domain2","0"
"3","PF00004","0"
"4","PF00005","0"
"5","PF00006","0"
"6","PF00009","0"
"7","PF00011","0"
"8","PF00012","0"
"9","PF00013","0"
"10","PF00015","0"
"11","PF00016","0"
"12","PF00023","0"
"13","PF00024","0"
"14","PF00025","0"
"15","PF00027","0"
"16","PF00028","0"
"17","PF00030","0"
"18","PF00032","0"
"19","PF00033","0"
"20","PF00034","0"
"21","PF00035","0"
"22","PF00036","0"
"23","PF00037","0"
"24","PF00041","0"
"25","PF00042","0"
"26","PF00043","0"
"27","PF00044","0"
"28","PF00045","0"
"29","PF00050","0"
"30","PF00056","0"
"31","PF00059","0"
"32","PF00060","0"
"33","PF00067","0"
"34","PF00069","0"
"35","PF00070","0"
"36","PF00071","0"
"37","PF00072","0"
"38","PF00075","0"
"39","PF00076","0"
"40","PF00078","0"
"41","PF00079","0"
"42","PF00080","0"
"43","PF00081","0"
"44","PF00082","0"
"45","PF00083","0"
"46","PF00085","0"
"47","PF00089","0"
"48","PF00091","0"
"49","PF00092","0"
"50","PF00096","0"
"51","PF00101","1"
"52","PF00102","0"
"53","PF00106","0"
"54","PF00107","0"
"55","PF00108","0"
"56","PF00109","0"
"57","PF00111","0"
"58","PF00112","0"
"59","PF00113","0"
"60","PF00114","0"
"61","PF00115","0"
"62","PF00116","0"
"63","PF00117","0"
"64","PF00118","0"
"65","PF00119","0"
"66","PF00120","0"
"67","PF00121","0"
"68","PF00122","0"
"69","PF00124","0"
"70","PF00126","0"
"71","PF00127","0"
"72","PF00128","0"
"73","PF00132","0"
"74","PF00133","0"
"75","PF00135","0"
"76","PF00136","0"
"77","PF00137","0"
"78","PF00140","0"
"79","PF00141","0"
"80","PF00142","0"
"81","PF00144","0"
"82","PF00145","0"
"83","PF00146","0"
"84","PF00148","0"
"85","PF00149","0"
"86","PF00150","0"
"87","PF00152","0"
"88","PF00154","0"
"89","PF00155","0"
"90","PF00156","0"
"91","PF00158","0"
"92","PF00160","0"
"93","PF00162","0"
"94","PF00163","0"
"95","PF00164","0"
"96","PF00165","0"
"97","PF00166","0"
"98","PF00171","0"
"99","PF00173","0"
"100","PF00174","0"
"101","PF00175","0"
"102","PF00176","0"
"103","PF00177","0"
"104","PF00180","0"
"105","PF00181","0"
"106","PF00182","0"
"107","PF00183","0"
"108","PF00185","0"
"109","PF00186","0"
"110","PF00188","0"
"111","PF00189","0"
"112","PF00190","0"
"113","PF00194","0"
"114","PF00195","0"
"115","PF00196","0"
"116","PF00198","0"
"117","PF00199","0"
"118","PF00201","0"
"119","PF00202","0"
"120","PF00203","0"
"121","PF00204","0"
"122","PF00205","0"
"123","PF00206","0"
"124","PF00207","0"
"125","PF00208","0"
"126","PF00209","0"
"127","PF00210","0"
"128","PF00211","0"
"129","PF00213","0"
"130","PF00215","0"
"131","PF00216","0"
"132","PF00217","0"
"133","PF00218","0"
"134","PF00221","0"
"135","PF00223","0"
"136","PF00224","0"
"137","PF00226","0"
"138","PF00227","0"
"139","PF00230","0"
"140","PF00231","0"
"141","PF00232","0"
"142","PF00237","0"
"143","PF00238","0"
"144","PF00239","0"
"145","PF00245","0"
"146","PF00246","0"
"147","PF00248","0"
"148","PF00251","0"
"149","PF00252","0"
"150","PF00253","0"
"151","PF00254","0"
"152","PF00255","0"
"153","PF00258","0"
"154","PF00263","0"
"155","PF00264","0"
"156","PF00265","0"
"157","PF00266","0"
"158","PF00267","0"
"159","PF00268","0"
"160","PF00269","0"
"161","PF00270","0"
"162","PF00271","0"
"163","PF00274","0"
"164","PF00275","0"
"165","PF00276","0"
"166","PF00278","0"
"167","PF00281","0"
"168","PF00282","0"
"169","PF00283","0"
"170","PF00284","0"
"171","PF00285","0"
"172","PF00288","0"
"173","PF00289","0"
"174","PF00290","0"
"175","PF00291","0"
"176","PF00293","0"
"177","PF00294","0"
"178","PF00295","0"
"179","PF00296","0"
"180","PF00297","0"
"181","PF00298","0"
"182","PF00300","0"
"183","PF00301","0"
"184","PF00302","0"
"185","PF00303","0"
"186","PF00305","0"
"187","PF00306","0"
"188","PF00308","0"
"189","PF00309","0"
"190","PF00310","0"
"191","PF00311","0"
"192","PF00312","0"
"193","PF00313","0"
"194","PF00314","0"
"195","PF00316","0"
"196","PF00317","0"
"197","PF00318","0"
"198","PF00324","0"
"199","PF00325","0"
"200","PF00326","0"
"201","PF00327","0"
"202","PF00328","0"
"203","PF00329","0"
"204","PF00330","0"
"205","PF00331","0"
"206","PF00332","0"
"207","PF00333","0"
"208","PF00334","0"
"209","PF00338","0"
"210","PF00342","0"
"211","PF00343","0"
"212","PF00344","0"
"213","PF00345","0"
"214","PF00346","0"
"215","PF00347","0"
"216","PF00348","0"
"217","PF00349","0"
"218","PF00350","0"
"219","PF00351","0"
"220","PF00352","0"
"221","PF00353","0"
"222","PF00355","0"
"223","PF00356","0"
"224","PF00358","0"
"225","PF00359","0"
"226","PF00360","0"
"227","PF00361","0"
"228","PF00364","0"
"229","PF00365","0"
"230","PF00366","0"
"231","PF00367","0"
"232","PF00368","0"
"233","PF00370","0"
"234","PF00374","0"
"235","PF00375","0"
"236","PF00376","0"
"237","PF00378","0"
"238","PF00380","0"
"239","PF00381","0"
"240","PF00382","0"
"241","PF00383","0"
"242","PF00384","0"
"243","PF00388","0"
"244","PF00389","0"
"245","PF00390","0"
"246","PF00391","0"
"247","PF00392","0"
"248","PF00393","0"
"249","PF00394","0"
"250","PF00395","0"
"251","PF00398","0"
"252","PF00400","0"
"253","PF00401","0"
"254","PF00403","0"
"255","PF00404","0"
"256","PF00406","0"
"257","PF00408","0"
"258","PF00410","0"
"259","PF00411","0"
"260","PF00413","0"
"261","PF00415","0"
"262","PF00416","0"
"263","PF00419","0"
"264","PF00420","0"
"265","PF00421","0"
"266","PF00425","0"
"267","PF00427","0"
"268","PF00428","0"
"269","PF00430","0"
"270","PF00431","0"
"271","PF00432","0"
"272","PF00436","0"
"273","PF00437","0"
"274","PF00438","0"
"275","PF00440","0"
"276","PF00441","0"
"277","PF00444","0"
"278","PF00445","0"
"279","PF00448","0"
"280","PF00449","0"
"281","PF00450","0"
"282","PF00453","0"
"283","PF00455","0"
"284","PF00456","0"
"285","PF00457","0"
"286","PF00459","0"
"287","PF00460","0"
"288","PF00462","0"
"289","PF00463","0"
"290","PF00464","0"
"291","PF00465","0"
"292","PF00466","0"
"293","PF00467","0"
"294","PF00468","0"
"295","PF00471","0"
"296","PF00472","0"
"297","PF00474","0"
"298","PF00475","0"
"299","PF00476","0"
"300","PF00478","0"
"301","PF00479","0"
"302","PF00480","0"
"303","PF00481","0"
"304","PF00482","0"
"305","PF00483","0"
"306","PF00484","0"
"307","PF00485","0"
"308","PF00486","0"
"309","PF00487","0"
"310","PF00488","0"
"311","PF00490","0"
"312","PF00491","0"
"313","PF00493","0"
"314","PF00494","0"
"315","PF00496","0"
"316","PF00497","0"
"317","PF00498","0"
"318","PF00499","0"
"319","PF00501","0"
"320","PF00502","0"
"321","PF00504","0"
"322","PF00507","0"
"323","PF00510","0"
"324","PF00512","0"
"325","PF00515","0"
"326","PF00520","0"
"327","PF00521","0"
"328","PF00528","0"
"329","PF00529","0"
"330","PF00532","0"
"331","PF00533","0"
"332","PF00534","0"
"333","PF00535","0"
"334","PF00536","0"
"335","PF00542","0"
"336","PF00543","0"
"337","PF00544","0"
"338","PF00545","0"
"339","PF00547","0"
"340","PF00549","0"
"341","PF00550","0"
"342","PF00551","0"
"343","PF00553","0"
"344","PF00556","0"
"345","PF00557","0"
"346","PF00560","0"
"347","PF00561","0"
"348","PF00562","0"
"349","PF00563","0"
"350","PF00565","0"
"351","PF00570","0"
"352","PF00571","0"
"353","PF00572","0"
"354","PF00573","0"
"355","PF00574","0"
"356","PF00575","0"
"357","PF00576","0"
"358","PF00577","0"
"359","PF00578","0"
"360","PF00579","0"
"361","PF00580","0"
"362","PF00581","0"
"363","PF00582","0"
"364","PF00583","0"
"365","PF00584","0"
"366","PF00585","0"
"367","PF00586","0"
"368","PF00587","0"
"369","PF00588","0"
"370","PF00589","0"
"371","PF00590","0"
"372","PF00591","0"
"373","PF00593","0"
"374","PF00595","0"
"375","PF00596","0"
"376","PF00614","0"
"377","PF00623","0"
"378","PF00625","0"
"379","PF00629","0"
"380","PF00633","0"
"381","PF00636","0"
"382","PF00639","0"
"383","PF00646","0"
"384","PF00648","0"
"385","PF00652","0"
"386","PF00654","0"
"387","PF00656","0"
"388","PF00657","0"
"389","PF00662","0"
"390","PF00664","0"
"391","PF00665","0"
"392","PF00667","0"
"393","PF00668","0"
"394","PF00669","0"
"395","PF00670","0"
"396","PF00672","0"
"397","PF00673","0"
"398","PF00675","0"
"399","PF00676","0"
"400","PF00677","0"
"401","PF00679","0"
"402","PF00682","0"
"403","PF00684","0"
"404","PF00685","0"
"405","PF00686","0"
"406","PF00687","0"
"407","PF00689","0"
"408","PF00690","0"
"409","PF00691","0"
"410","PF00692","0"
"411","PF00694","0"
"412","PF00696","0"
"413","PF00697","0"
"414","PF00698","0"
"415","PF00699","0"
"416","PF00700","0"
"417","PF00701","0"
"418","PF00702","0"
"419","PF00703","0"
"420","PF00704","0"
"421","PF00705","0"
"422","PF00707","0"
"423","PF00708","0"
"424","PF00709","0"
"425","PF00710","0"
"426","PF00712","0"
"427","PF00717","0"
"428","PF00719","0"
"429","PF00720","0"
"430","PF00722","0"
"431","PF00723","0"
"432","PF00724","0"
"433","PF00725","0"
"434","PF00728","0"
"435","PF00730","0"
"436","PF00731","0"
"437","PF00732","0"
"438","PF00733","0"
"439","PF00736","0"
"440","PF00737","1"
"441","PF00741","0"
"442","PF00742","0"
"443","PF00743","0"
"444","PF00745","0"
"445","PF00746","0"
"446","PF00749","0"
"447","PF00750","0"
"448","PF00752","0"
"449","PF00753","0"
"450","PF00754","0"
"451","PF00755","0"
"452","PF00756","0"
"453","PF00759","0"
"454","PF00760","1"
"455","PF00762","0"
"456","PF00763","0"
"457","PF00764","0"
"458","PF00765","0"
"459","PF00766","0"
"460","PF00768","0"
"461","PF00771","0"
"462","PF00772","0"
"463","PF00773","0"
"464","PF00775","0"
"465","PF00781","0"
"466","PF00782","0"
"467","PF00793","0"
"468","PF00795","0"
"469","PF00797","0"
"470","PF00800","0"
"471","PF00801","0"
"472","PF00805","0"
"473","PF00808","0"
"474","PF00809","0"
"475","PF00813","0"
"476","PF00814","0"
"477","PF00815","0"
"478","PF00816","0"
"479","PF00817","0"
"480","PF00821","0"
"481","PF00823","0"
"482","PF00825","0"
"483","PF00827","0"
"484","PF00828","0"
"485","PF00829","0"
"486","PF00830","0"
"487","PF00831","0"
"488","PF00832","0"
"489","PF00833","0"
"490","PF00834","0"
"491","PF00839","0"
"492","PF00842","0"
"493","PF00847","0"
"494","PF00848","0"
"495","PF00849","0"
"496","PF00850","0"
"497","PF00852","0"
"498","PF00854","0"
"499","PF00856","0"
"500","PF00857","0"
"501","PF00860","0"
"502","PF00861","0"
"503","PF00862","1"
"504","PF00866","0"
"505","PF00867","0"
"506","PF00871","0"
"507","PF00872","0"
"508","PF00873","0"
"509","PF00874","0"
"510","PF00875","0"
"511","PF00877","0"
"512","PF00881","0"
"513","PF00882","0"
"514","PF00883","0"
"515","PF00884","0"
"516","PF00885","0"
"517","PF00886","0"
"518","PF00887","0"
"519","PF00889","0"
"520","PF00890","0"
"521","PF00891","0"
"522","PF00892","0"
"523","PF00893","0"
"524","PF00899","0"
"525","PF00900","0"
"526","PF00902","0"
"527","PF00903","0"
"528","PF00905","0"
"529","PF00908","0"
"530","PF00909","0"
"531","PF00912","0"
"532","PF00916","0"
"533","PF00919","0"
"534","PF00920","0"
"535","PF00923","0"
"536","PF00924","0"
"537","PF00925","0"
"538","PF00926","0"
"539","PF00929","0"
"540","PF00930","0"
"541","PF00931","0"
"542","PF00932","0"
"543","PF00933","0"
"544","PF00934","0"
"545","PF00935","0"
"546","PF00936","0"
"547","PF00939","0"
"548","PF00941","0"
"549","PF00942","0"
"550","PF00950","0"
"551","PF00953","0"
"552","PF00958","0"
"553","PF00959","0"
"554","PF00960","0"
"555","PF00961","0"
"556","PF00962","0"
"557","PF00963","0"
"558","PF00970","0"
"559","PF00975","0"
"560","PF00977","0"
"561","PF00982","0"
"562","PF00984","0"
"563","PF00986","0"
"564","PF00988","0"
"565","PF00989","0"
"566","PF00990","0"
"567","PF00994","0"
"568","PF00999","0"
"569","PF01000","0"
"570","PF01008","0"
"571","PF01010","0"
"572","PF01011","0"
"573","PF01012","0"
"574","PF01014","0"
"575","PF01015","0"
"576","PF01016","0"
"577","PF01018","0"
"578","PF01019","0"
"579","PF01020","0"
"580","PF01022","0"
"581","PF01025","0"
"582","PF01026","0"
"583","PF01027","0"
"584","PF01028","0"
"585","PF01029","0"
"586","PF01030","0"
"587","PF01032","0"
"588","PF01035","0"
"589","PF01036","0"
"590","PF01037","0"
"591","PF01039","0"
"592","PF01040","0"
"593","PF01041","0"
"594","PF01042","0"
"595","PF01043","0"
"596","PF01047","0"
"597","PF01048","0"
"598","PF01050","0"
"599","PF01051","0"
"600","PF01052","0"
"601","PF01053","0"
"602","PF01055","0"
"603","PF01058","0"
"604","PF01059","0"
"605","PF01061","0"
"606","PF01062","0"
"607","PF01063","0"
"608","PF01066","0"
"609","PF01068","0"
"610","PF01070","0"
"611","PF01071","0"
"612","PF01073","0"
"613","PF01074","0"
"614","PF01075","0"
"615","PF01076","0"
"616","PF01077","0"
"617","PF01078","0"
"618","PF01081","0"
"619","PF01083","0"
"620","PF01084","0"
"621","PF01087","0"
"622","PF01090","0"
"623","PF01092","0"
"624","PF01094","0"
"625","PF01095","0"
"626","PF01096","0"
"627","PF01098","0"
"628","PF01103","0"
"629","PF01106","0"
"630","PF01112","0"
"631","PF01113","0"
"632","PF01116","0"
"633","PF01118","0"
"634","PF01119","0"
"635","PF01120","0"
"636","PF01121","0"
"637","PF01124","0"
"638","PF01126","0"
"639","PF01127","0"
"640","PF01128","0"
"641","PF01131","0"
"642","PF01132","0"
"643","PF01134","0"
"644","PF01135","0"
"645","PF01136","0"
"646","PF01137","0"
"647","PF01138","0"
"648","PF01139","0"
"649","PF01142","0"
"650","PF01144","0"
"651","PF01145","0"
"652","PF01148","0"
"653","PF01149","0"
"654","PF01152","0"
"655","PF01154","0"
"656","PF01155","0"
"657","PF01156","0"
"658","PF01157","0"
"659","PF01161","0"
"660","PF01163","0"
"661","PF01165","0"
"662","PF01168","0"
"663","PF01169","0"
"664","PF01170","0"
"665","PF01171","0"
"666","PF01172","0"
"667","PF01174","0"
"668","PF01175","0"
"669","PF01176","0"
"670","PF01177","0"
"671","PF01179","0"
"672","PF01180","0"
"673","PF01182","0"
"674","PF01183","0"
"675","PF01184","0"
"676","PF01186","0"
"677","PF01187","0"
"678","PF01189","0"
"679","PF01191","0"
"680","PF01192","0"
"681","PF01193","0"
"682","PF01194","0"
"683","PF01195","0"
"684","PF01196","0"
"685","PF01197","0"
"686","PF01198","0"
"687","PF01199","0"
"688","PF01200","0"
"689","PF01201","0"
"690","PF01202","0"
"691","PF01203","0"
"692","PF01204","0"
"693","PF01205","0"
"694","PF01206","0"
"695","PF01207","0"
"696","PF01208","0"
"697","PF01209","0"
"698","PF01210","0"
"699","PF01212","0"
"700","PF01218","0"
"701","PF01219","0"
"702","PF01220","0"
"703","PF01223","0"
"704","PF01225","0"
"705","PF01226","0"
"706","PF01227","0"
"707","PF01228","0"
"708","PF01229","0"
"709","PF01230","0"
"710","PF01232","0"
"711","PF01235","0"
"712","PF01238","0"
"713","PF01241","0"
"714","PF01242","0"
"715","PF01243","0"
"716","PF01244","0"
"717","PF01245","0"
"718","PF01246","1"
"719","PF01247","0"
"720","PF01248","0"
"721","PF01250","0"
"722","PF01252","0"
"723","PF01253","0"
"724","PF01255","0"
"725","PF01256","0"
"726","PF01257","0"
"727","PF01258","0"
"728","PF01259","0"
"729","PF01261","0"
"730","PF01262","0"
"731","PF01263","0"
"732","PF01264","0"
"733","PF01266","0"
"734","PF01268","0"
"735","PF01269","0"
"736","PF01270","0"
"737","PF01272","0"
"738","PF01274","0"
"739","PF01276","0"
"740","PF01278","0"
"741","PF01280","0"
"742","PF01281","0"
"743","PF01282","0"
"744","PF01283","0"
"745","PF01287","0"
"746","PF01288","0"
"747","PF01289","0"
"748","PF01292","0"
"749","PF01293","0"
"750","PF01294","0"
"751","PF01295","0"
"752","PF01297","0"
"753","PF01298","0"
"754","PF01300","0"
"755","PF01301","0"
"756","PF01306","0"
"757","PF01308","0"
"758","PF01311","0"
"759","PF01312","0"
"760","PF01313","0"
"761","PF01314","0"
"762","PF01315","0"
"763","PF01316","0"
"764","PF01321","0"
"765","PF01322","0"
"766","PF01323","0"
"767","PF01325","0"
"768","PF01326","0"
"769","PF01327","0"
"770","PF01329","0"
"771","PF01330","0"
"772","PF01333","0"
"773","PF01336","0"
"774","PF01337","0"
"775","PF01339","0"
"776","PF01340","0"
"777","PF01341","0"
"778","PF01343","0"
"779","PF01344","0"
"780","PF01345","0"
"781","PF01346","0"
"782","PF01348","0"
"783","PF01351","0"
"784","PF01355","0"
"785","PF01361","0"
"786","PF01364","0"
"787","PF01367","0"
"788","PF01368","0"
"789","PF01370","0"
"790","PF01371","0"
"791","PF01374","0"
"792","PF01379","0"
"793","PF01380","0"
"794","PF01381","0"
"795","PF01383","0"
"796","PF01384","0"
"797","PF01385","0"
"798","PF01386","0"
"799","PF01389","0"
"800","PF01391","0"
"801","PF01396","0"
"802","PF01400","0"
"803","PF01401","0"
"804","PF01402","0"
"805","PF01405","0"
"806","PF01406","0"
"807","PF01408","0"
"808","PF01409","0"
"809","PF01411","0"
"810","PF01416","0"
"811","PF01418","0"
"812","PF01420","0"
"813","PF01423","0"
"814","PF01424","0"
"815","PF01425","0"
"816","PF01427","0"
"817","PF01428","0"
"818","PF01430","0"
"819","PF01431","0"
"820","PF01432","0"
"821","PF01433","0"
"822","PF01434","0"
"823","PF01435","0"
"824","PF01436","0"
"825","PF01442","0"
"826","PF01443","0"
"827","PF01446","0"
"828","PF01447","0"
"829","PF01450","0"
"830","PF01451","0"
"831","PF01455","0"
"832","PF01457","1"
"833","PF01458","0"
"834","PF01464","0"
"835","PF01467","0"
"836","PF01468","0"
"837","PF01469","0"
"838","PF01470","0"
"839","PF01471","0"
"840","PF01472","0"
"841","PF01473","0"
"842","PF01474","0"
"843","PF01475","0"
"844","PF01476","0"
"845","PF01478","0"
"846","PF01479","0"
"847","PF01483","0"
"848","PF01487","0"
"849","PF01488","0"
"850","PF01491","1"
"851","PF01493","0"
"852","PF01494","0"
"853","PF01496","0"
"854","PF01497","0"
"855","PF01501","0"
"856","PF01502","0"
"857","PF01503","0"
"858","PF01507","0"
"859","PF01509","0"
"860","PF01510","0"
"861","PF01512","0"
"862","PF01513","0"
"863","PF01514","0"
"864","PF01515","0"
"865","PF01520","0"
"866","PF01521","0"
"867","PF01522","0"
"868","PF01523","0"
"869","PF01526","0"
"870","PF01527","0"
"871","PF01531","0"
"872","PF01535","0"
"873","PF01541","0"
"874","PF01544","0"
"875","PF01545","0"
"876","PF01546","0"
"877","PF01547","0"
"878","PF01548","0"
"879","PF01551","0"
"880","PF01553","0"
"881","PF01554","0"
"882","PF01555","0"
"883","PF01556","0"
"884","PF01557","0"
"885","PF01558","0"
"886","PF01564","0"
"887","PF01565","0"
"888","PF01566","0"
"889","PF01568","0"
"890","PF01569","0"
"891","PF01571","0"
"892","PF01575","0"
"893","PF01578","0"
"894","PF01580","0"
"895","PF01583","0"
"896","PF01584","0"
"897","PF01588","0"
"898","PF01590","0"
"899","PF01592","0"
"900","PF01593","0"
"901","PF01594","0"
"902","PF01595","0"
"903","PF01596","0"
"904","PF01597","0"
"905","PF01599","0"
"906","PF01609","0"
"907","PF01610","0"
"908","PF01612","0"
"909","PF01613","0"
"910","PF01614","0"
"911","PF01617","0"
"912","PF01618","0"
"913","PF01619","0"
"914","PF01624","0"
"915","PF01625","0"
"916","PF01627","0"
"917","PF01628","0"
"918","PF01629","0"
"919","PF01632","0"
"920","PF01633","0"
"921","PF01634","0"
"922","PF01636","0"
"923","PF01637","0"
"924","PF01638","0"
"925","PF01640","0"
"926","PF01641","0"
"927","PF01642","0"
"928","PF01643","0"
"929","PF01645","0"
"930","PF01648","0"
"931","PF01649","0"
"932","PF01650","0"
"933","PF01653","0"
"934","PF01654","0"
"935","PF01655","0"
"936","PF01656","0"
"937","PF01658","0"
"938","PF01661","0"
"939","PF01663","0"
"940","PF01667","0"
"941","PF01668","0"
"942","PF01670","0"
"943","PF01674","0"
"944","PF01676","0"
"945","PF01678","0"
"946","PF01679","0"
"947","PF01680","0"
"948","PF01687","0"
"949","PF01693","0"
"950","PF01694","0"
"951","PF01695","0"
"952","PF01697","0"
"953","PF01699","0"
"954","PF01701","0"
"955","PF01702","0"
"956","PF01704","0"
"957","PF01706","0"
"958","PF01709","0"
"959","PF01710","0"
"960","PF01712","0"
"961","PF01713","0"
"962","PF01715","0"
"963","PF01716","0"
"964","PF01717","0"
"965","PF01719","0"
"966","PF01722","0"
"967","PF01724","0"
"968","PF01725","0"
"969","PF01726","0"
"970","PF01728","0"
"971","PF01729","0"
"972","PF01730","0"
"973","PF01734","0"
"974","PF01737","0"
"975","PF01738","0"
"976","PF01739","0"
"977","PF01740","0"
"978","PF01741","0"
"979","PF01743","0"
"980","PF01744","0"
"981","PF01746","0"
"982","PF01747","0"
"983","PF01750","0"
"984","PF01751","0"
"985","PF01752","0"
"986","PF01755","0"
"987","PF01756","0"
"988","PF01757","0"
"989","PF01758","0"
"990","PF01761","0"
"991","PF01764","0"
"992","PF01765","0"
"993","PF01769","0"
"994","PF01773","0"
"995","PF01774","0"
"996","PF01775","0"
"997","PF01780","0"
"998","PF01782","0"
"999","PF01783","0"
"1000","PF01784","0"
"1001","PF01786","0"
"1002","PF01788","1"
"1003","PF01789","0"
"1004","PF01790","0"
"1005","PF01791","0"
"1006","PF01794","0"
"1007","PF01795","0"
"1008","PF01796","0"
"1009","PF01797","0"
"1010","PF01798","0"
"1011","PF01799","0"
"1012","PF01804","0"
"1013","PF01807","0"
"1014","PF01808","0"
"1015","PF01809","0"
"1016","PF01810","0"
"1017","PF01812","0"
"1018","PF01813","0"
"1019","PF01814","0"
"1020","PF01816","0"
"1021","PF01817","0"
"1022","PF01820","0"
"1023","PF01823","0"
"1024","PF01828","0"
"1025","PF01832","0"
"1026","PF01833","0"
"1027","PF01835","0"
"1028","PF01837","0"
"1029","PF01839","0"
"1030","PF01841","0"
"1031","PF01842","0"
"1032","PF01844","0"
"1033","PF01845","0"
"1034","PF01849","0"
"1035","PF01850","0"
"1036","PF01852","0"
"1037","PF01855","0"
"1038","PF01856","0"
"1039","PF01861","0"
"1040","PF01862","0"
"1041","PF01863","0"
"1042","PF01864","0"
"1043","PF01865","0"
"1044","PF01866","0"
"1045","PF01867","0"
"1046","PF01868","0"
"1047","PF01869","0"
"1048","PF01870","0"
"1049","PF01871","0"
"1050","PF01872","0"
"1051","PF01873","0"
"1052","PF01874","0"
"1053","PF01875","0"
"1054","PF01876","0"
"1055","PF01877","0"
"1056","PF01878","0"
"1057","PF01880","0"
"1058","PF01881","0"
"1059","PF01882","0"
"1060","PF01883","0"
"1061","PF01884","0"
"1062","PF01885","0"
"1063","PF01886","0"
"1064","PF01887","0"
"1065","PF01888","0"
"1066","PF01889","0"
"1067","PF01890","0"
"1068","PF01891","0"
"1069","PF01893","0"
"1070","PF01894","0"
"1071","PF01895","0"
"1072","PF01896","0"
"1073","PF01899","0"
"1074","PF01900","0"
"1075","PF01901","0"
"1076","PF01902","0"
"1077","PF01903","0"
"1078","PF01904","0"
"1079","PF01905","0"
"1080","PF01906","0"
"1081","PF01907","0"
"1082","PF01909","0"
"1083","PF01910","0"
"1084","PF01912","0"
"1085","PF01913","0"
"1086","PF01914","0"
"1087","PF01915","0"
"1088","PF01916","0"
"1089","PF01917","0"
"1090","PF01918","0"
"1091","PF01920","0"
"1092","PF01921","0"
"1093","PF01922","0"
"1094","PF01923","0"
"1095","PF01924","0"
"1096","PF01925","0"
"1097","PF01926","0"
"1098","PF01927","0"
"1099","PF01928","0"
"1100","PF01930","0"
"1101","PF01931","0"
"1102","PF01933","0"
"1103","PF01934","0"
"1104","PF01935","0"
"1105","PF01936","0"
"1106","PF01937","0"
"1107","PF01938","0"
"1108","PF01939","0"
"1109","PF01940","0"
"1110","PF01941","0"
"1111","PF01943","0"
"1112","PF01944","0"
"1113","PF01946","0"
"1114","PF01947","0"
"1115","PF01948","0"
"1116","PF01949","0"
"1117","PF01950","0"
"1118","PF01951","0"
"1119","PF01954","0"
"1120","PF01955","0"
"1121","PF01956","0"
"1122","PF01957","0"
"1123","PF01958","0"
"1124","PF01959","0"
"1125","PF01960","0"
"1126","PF01963","0"
"1127","PF01964","0"
"1128","PF01965","0"
"1129","PF01966","0"
"1130","PF01967","0"
"1131","PF01968","0"
"1132","PF01969","0"
"1133","PF01970","0"
"1134","PF01972","0"
"1135","PF01973","0"
"1136","PF01974","0"
"1137","PF01975","0"
"1138","PF01976","0"
"1139","PF01977","0"
"1140","PF01978","0"
"1141","PF01979","0"
"1142","PF01980","0"
"1143","PF01981","0"
"1144","PF01982","0"
"1145","PF01983","0"
"1146","PF01984","0"
"1147","PF01985","0"
"1148","PF01986","0"
"1149","PF01987","0"
"1150","PF01988","0"
"1151","PF01989","0"
"1152","PF01990","0"
"1153","PF01991","0"
"1154","PF01992","0"
"1155","PF01993","0"
"1156","PF01994","0"
"1157","PF01995","0"
"1158","PF01996","0"
"1159","PF01997","0"
"1160","PF01998","0"
"1161","PF02001","0"
"1162","PF02002","0"
"1163","PF02005","0"
"1164","PF02006","0"
"1165","PF02007","0"
"1166","PF02011","0"
"1167","PF02012","1"
"1168","PF02013","1"
"1169","PF02016","0"
"1170","PF02018","0"
"1171","PF02021","0"
"1172","PF02026","0"
"1173","PF02028","0"
"1174","PF02031","1"
"1175","PF02033","0"
"1176","PF02036","0"
"1177","PF02040","0"
"1178","PF02049","0"
"1179","PF02050","0"
"1180","PF02055","0"
"1181","PF02056","0"
"1182","PF02057","0"
"1183","PF02065","0"
"1184","PF02069","0"
"1185","PF02073","0"
"1186","PF02074","0"
"1187","PF02075","0"
"1188","PF02080","0"
"1189","PF02081","0"
"1190","PF02082","0"
"1191","PF02085","0"
"1192","PF02086","0"
"1193","PF02089","0"
"1194","PF02091","0"
"1195","PF02092","0"
"1196","PF02096","0"
"1197","PF02104","1"
"1198","PF02107","0"
"1199","PF02108","0"
"1200","PF02110","0"
"1201","PF02112","0"
"1202","PF02113","0"
"1203","PF02119","0"
"1204","PF02120","0"
"1205","PF02126","0"
"1206","PF02127","0"
"1207","PF02128","0"
"1208","PF02129","0"
"1209","PF02130","0"
"1210","PF02132","0"
"1211","PF02133","0"
"1212","PF02136","0"
"1213","PF02142","0"
"1214","PF02146","0"
"1215","PF02148","0"
"1216","PF02150","0"
"1217","PF02151","0"
"1218","PF02152","0"
"1219","PF02153","0"
"1220","PF02154","0"
"1221","PF02156","0"
"1222","PF02163","0"
"1223","PF02167","0"
"1224","PF02169","0"
"1225","PF02171","0"
"1226","PF02178","0"
"1227","PF02190","0"
"1228","PF02195","0"
"1229","PF02201","1"
"1230","PF02203","0"
"1231","PF02211","0"
"1232","PF02219","0"
"1233","PF02222","0"
"1234","PF02223","0"
"1235","PF02224","0"
"1236","PF02225","0"
"1237","PF02229","0"
"1238","PF02230","0"
"1239","PF02233","0"
"1240","PF02237","0"
"1241","PF02239","0"
"1242","PF02240","0"
"1243","PF02241","0"
"1244","PF02245","0"
"1245","PF02249","0"
"1246","PF02253","0"
"1247","PF02254","0"
"1248","PF02255","0"
"1249","PF02256","0"
"1250","PF02261","0"
"1251","PF02264","0"
"1252","PF02265","0"
"1253","PF02272","0"
"1254","PF02274","0"
"1255","PF02275","0"
"1256","PF02276","0"
"1257","PF02277","0"
"1258","PF02278","0"
"1259","PF02281","0"
"1260","PF02283","0"
"1261","PF02286","0"
"1262","PF02287","0"
"1263","PF02288","0"
"1264","PF02289","0"
"1265","PF02293","0"
"1266","PF02294","1"
"1267","PF02300","0"
"1268","PF02302","0"
"1269","PF02308","0"
"1270","PF02310","0"
"1271","PF02311","0"
"1272","PF02313","0"
"1273","PF02315","1"
"1274","PF02316","0"
"1275","PF02317","0"
"1276","PF02321","0"
"1277","PF02322","0"
"1278","PF02325","0"
"1279","PF02332","0"
"1280","PF02333","0"
"1281","PF02335","0"
"1282","PF02341","0"
"1283","PF02342","0"
"1284","PF02347","0"
"1285","PF02348","0"
"1286","PF02350","0"
"1287","PF02353","0"
"1288","PF02355","0"
"1289","PF02357","0"
"1290","PF02358","0"
"1291","PF02359","0"
"1292","PF02361","0"
"1293","PF02366","0"
"1294","PF02367","0"
"1295","PF02368","0"
"1296","PF02369","0"
"1297","PF02371","0"
"1298","PF02374","0"
"1299","PF02378","0"
"1300","PF02381","0"
"1301","PF02384","0"
"1302","PF02386","0"
"1303","PF02388","0"
"1304","PF02390","0"
"1305","PF02391","0"
"1306","PF02392","0"
"1307","PF02397","0"
"1308","PF02401","0"
"1309","PF02403","0"
"1310","PF02405","0"
"1311","PF02406","0"
"1312","PF02410","1"
"1313","PF02411","0"
"1314","PF02412","0"
"1315","PF02413","0"
"1316","PF02415","0"
"1317","PF02416","0"
"1318","PF02417","0"
"1319","PF02419","0"
"1320","PF02421","0"
"1321","PF02423","0"
"1322","PF02424","0"
"1323","PF02426","0"
"1324","PF02427","1"
"1325","PF02433","0"
"1326","PF02435","0"
"1327","PF02436","0"
"1328","PF02441","0"
"1329","PF02445","0"
"1330","PF02446","0"
"1331","PF02447","0"
"1332","PF02449","0"
"1333","PF02450","0"
"1334","PF02452","0"
"1335","PF02457","0"
"1336","PF02463","0"
"1337","PF02464","0"
"1338","PF02465","0"
"1339","PF02467","0"
"1340","PF02468","0"
"1341","PF02469","0"
"1342","PF02470","0"
"1343","PF02472","0"
"1344","PF02475","0"
"1345","PF02481","0"
"1346","PF02482","0"
"1347","PF02485","0"
"1348","PF02486","0"
"1349","PF02491","0"
"1350","PF02492","0"
"1351","PF02493","0"
"1352","PF02494","0"
"1353","PF02498","0"
"1354","PF02501","0"
"1355","PF02502","0"
"1356","PF02503","0"
"1357","PF02504","0"
"1358","PF02505","0"
"1359","PF02507","1"
"1360","PF02508","0"
"1361","PF02511","0"
"1362","PF02514","0"
"1363","PF02515","0"
"1364","PF02516","0"
"1365","PF02517","0"
"1366","PF02518","0"
"1367","PF02521","0"
"1368","PF02522","0"
"1369","PF02525","0"
"1370","PF02527","0"
"1371","PF02529","0"
"1372","PF02530","0"
"1373","PF02531","1"
"1374","PF02532","0"
"1375","PF02533","1"
"1376","PF02534","0"
"1377","PF02535","0"
"1378","PF02537","0"
"1379","PF02538","0"
"1380","PF02540","0"
"1381","PF02541","0"
"1382","PF02542","0"
"1383","PF02543","0"
"1384","PF02545","0"
"1385","PF02547","0"
"1386","PF02548","0"
"1387","PF02550","0"
"1388","PF02552","0"
"1389","PF02553","0"
"1390","PF02554","0"
"1391","PF02556","0"
"1392","PF02557","0"
"1393","PF02558","0"
"1394","PF02559","0"
"1395","PF02560","0"
"1396","PF02561","0"
"1397","PF02562","0"
"1398","PF02563","0"
"1399","PF02565","0"
"1400","PF02566","0"
"1401","PF02567","0"
"1402","PF02568","0"
"1403","PF02569","0"
"1404","PF02570","0"
"1405","PF02571","0"
"1406","PF02572","0"
"1407","PF02574","0"
"1408","PF02575","0"
"1409","PF02576","0"
"1410","PF02577","0"
"1411","PF02578","0"
"1412","PF02579","0"
"1413","PF02580","0"
"1414","PF02581","0"
"1415","PF02582","0"
"1416","PF02583","0"
"1417","PF02585","0"
"1418","PF02586","0"
"1419","PF02588","0"
"1420","PF02589","0"
"1421","PF02590","0"
"1422","PF02591","0"
"1423","PF02592","0"
"1424","PF02593","0"
"1425","PF02594","0"
"1426","PF02595","0"
"1427","PF02596","0"
"1428","PF02597","0"
"1429","PF02598","0"
"1430","PF02599","0"
"1431","PF02600","0"
"1432","PF02601","0"
"1433","PF02602","0"
"1434","PF02603","0"
"1435","PF02604","0"
"1436","PF02605","1"
"1437","PF02606","0"
"1438","PF02607","0"
"1439","PF02608","0"
"1440","PF02609","0"
"1441","PF02610","0"
"1442","PF02611","0"
"1443","PF02613","0"
"1444","PF02614","0"
"1445","PF02615","0"
"1446","PF02616","0"
"1447","PF02617","0"
"1448","PF02618","0"
"1449","PF02620","0"
"1450","PF02621","0"
"1451","PF02622","0"
"1452","PF02623","0"
"1453","PF02624","0"
"1454","PF02625","0"
"1455","PF02626","0"
"1456","PF02627","0"
"1457","PF02628","0"
"1458","PF02629","0"
"1459","PF02630","0"
"1460","PF02631","0"
"1461","PF02632","0"
"1462","PF02633","0"
"1463","PF02634","0"
"1464","PF02635","0"
"1465","PF02636","0"
"1466","PF02637","0"
"1467","PF02638","0"
"1468","PF02639","0"
"1469","PF02641","0"
"1470","PF02643","0"
"1471","PF02645","0"
"1472","PF02646","0"
"1473","PF02649","0"
"1474","PF02650","0"
"1475","PF02652","0"
"1476","PF02653","0"
"1477","PF02654","0"
"1478","PF02655","0"
"1479","PF02656","0"
"1480","PF02657","0"
"1481","PF02659","0"
"1482","PF02660","0"
"1483","PF02661","0"
"1484","PF02662","0"
"1485","PF02663","0"
"1486","PF02664","0"
"1487","PF02665","0"
"1488","PF02666","0"
"1489","PF02667","0"
"1490","PF02668","0"
"1491","PF02669","0"
"1492","PF02670","0"
"1493","PF02672","0"
"1494","PF02673","0"
"1495","PF02674","0"
"1496","PF02675","0"
"1497","PF02676","0"
"1498","PF02677","0"
"1499","PF02678","0"
"1500","PF02679","0"
"1501","PF02680","0"
"1502","PF02681","0"
"1503","PF02682","0"
"1504","PF02683","0"
"1505","PF02684","0"
"1506","PF02685","0"
"1507","PF02686","0"
"1508","PF02687","0"
"1509","PF02690","0"
"1510","PF02694","0"
"1511","PF02696","0"
"1512","PF02697","0"
"1513","PF02698","0"
"1514","PF02699","0"
"1515","PF02700","0"
"1516","PF02702","0"
"1517","PF02705","0"
"1518","PF02706","0"
"1519","PF02709","0"
"1520","PF02719","0"
"1521","PF02720","0"
"1522","PF02727","0"
"1523","PF02728","0"
"1524","PF02729","0"
"1525","PF02730","0"
"1526","PF02732","0"
"1527","PF02733","0"
"1528","PF02734","0"
"1529","PF02735","0"
"1530","PF02737","0"
"1531","PF02738","0"
"1532","PF02739","0"
"1533","PF02741","0"
"1534","PF02742","0"
"1535","PF02743","0"
"1536","PF02744","0"
"1537","PF02745","0"
"1538","PF02746","0"
"1539","PF02747","0"
"1540","PF02748","0"
"1541","PF02749","0"
"1542","PF02753","0"
"1543","PF02754","0"
"1544","PF02767","0"
"1545","PF02768","0"
"1546","PF02769","0"
"1547","PF02770","0"
"1548","PF02771","0"
"1549","PF02772","0"
"1550","PF02773","0"
"1551","PF02774","0"
"1552","PF02775","0"
"1553","PF02776","0"
"1554","PF02777","0"
"1555","PF02778","0"
"1556","PF02779","0"
"1557","PF02780","0"
"1558","PF02781","0"
"1559","PF02782","0"
"1560","PF02783","0"
"1561","PF02784","0"
"1562","PF02785","0"
"1563","PF02786","0"
"1564","PF02787","0"
"1565","PF02788","0"
"1566","PF02789","0"
"1567","PF02790","0"
"1568","PF02794","0"
"1569","PF02796","0"
"1570","PF02797","0"
"1571","PF02798","0"
"1572","PF02800","0"
"1573","PF02801","0"
"1574","PF02803","0"
"1575","PF02805","0"
"1576","PF02806","0"
"1577","PF02810","0"
"1578","PF02811","0"
"1579","PF02812","0"
"1580","PF02814","0"
"1581","PF02817","0"
"1582","PF02823","0"
"1583","PF02824","0"
"1584","PF02826","0"
"1585","PF02829","0"
"1586","PF02830","0"
"1587","PF02833","0"
"1588","PF02834","0"
"1589","PF02836","0"
"1590","PF02837","0"
"1591","PF02838","0"
"1592","PF02839","0"
"1593","PF02843","0"
"1594","PF02844","0"
"1595","PF02852","0"
"1596","PF02861","0"
"1597","PF02863","0"
"1598","PF02866","0"
"1599","PF02867","0"
"1600","PF02868","0"
"1601","PF02870","0"
"1602","PF02872","0"
"1603","PF02873","0"
"1604","PF02874","0"
"1605","PF02875","0"
"1606","PF02878","0"
"1607","PF02879","0"
"1608","PF02880","0"
"1609","PF02881","0"
"1610","PF02882","0"
"1611","PF02884","0"
"1612","PF02885","0"
"1613","PF02887","0"
"1614","PF02889","1"
"1615","PF02894","0"
"1616","PF02895","0"
"1617","PF02896","0"
"1618","PF02897","0"
"1619","PF02898","2"
"1620","PF02899","0"
"1621","PF02900","0"
"1622","PF02901","0"
"1623","PF02902","0"
"1624","PF02903","0"
"1625","PF02906","0"
"1626","PF02909","0"
"1627","PF02910","0"
"1628","PF02911","0"
"1629","PF02912","0"
"1630","PF02913","0"
"1631","PF02914","0"
"1632","PF02915","0"
"1633","PF02920","0"
"1634","PF02922","0"
"1635","PF02924","0"
"1636","PF02926","0"
"1637","PF02927","0"
"1638","PF02929","0"
"1639","PF02933","0"
"1640","PF02934","0"
"1641","PF02938","0"
"1642","PF02941","0"
"1643","PF02943","0"
"1644","PF02945","0"
"1645","PF02951","0"
"1646","PF02952","0"
"1647","PF02954","0"
"1648","PF02955","0"
"1649","PF02958","0"
"1650","PF02962","0"
"1651","PF02965","0"
"1652","PF02971","0"
"1653","PF02974","0"
"1654","PF02975","2"
"1655","PF02976","0"
"1656","PF02978","0"
"1657","PF02979","0"
"1658","PF02983","0"
"1659","PF02985","0"
"1660","PF02996","0"
"1661","PF03006","0"
"1662","PF03007","0"
"1663","PF03008","0"
"1664","PF03009","0"
"1665","PF03013","0"
"1666","PF03022","0"
"1667","PF03023","0"
"1668","PF03029","0"
"1669","PF03030","0"
"1670","PF03031","0"
"1671","PF03033","0"
"1672","PF03040","0"
"1673","PF03050","0"
"1674","PF03051","0"
"1675","PF03054","0"
"1676","PF03055","0"
"1677","PF03059","0"
"1678","PF03060","0"
"1679","PF03061","0"
"1680","PF03062","1"
"1681","PF03063","0"
"1682","PF03065","0"
"1683","PF03067","0"
"1684","PF03069","0"
"1685","PF03070","0"
"1686","PF03073","0"
"1687","PF03079","0"
"1688","PF03083","0"
"1689","PF03088","0"
"1690","PF03090","0"
"1691","PF03091","0"
"1692","PF03092","0"
"1693","PF03098","0"
"1694","PF03099","0"
"1695","PF03100","0"
"1696","PF03102","0"
"1697","PF03104","0"
"1698","PF03109","0"
"1699","PF03116","0"
"1700","PF03118","0"
"1701","PF03119","0"
"1702","PF03120","0"
"1703","PF03123","0"
"1704","PF03129","0"
"1705","PF03130","0"
"1706","PF03135","0"
"1707","PF03136","0"
"1708","PF03143","0"
"1709","PF03144","0"
"1710","PF03147","0"
"1711","PF03150","0"
"1712","PF03160","0"
"1713","PF03161","0"
"1714","PF03162","0"
"1715","PF03167","0"
"1716","PF03168","0"
"1717","PF03169","0"
"1718","PF03170","0"
"1719","PF03171","0"
"1720","PF03173","0"
"1721","PF03174","0"
"1722","PF03176","0"
"1723","PF03180","0"
"1724","PF03186","0"
"1725","PF03190","0"
"1726","PF03192","0"
"1727","PF03193","0"
"1728","PF03200","0"
"1729","PF03201","0"
"1730","PF03203","0"
"1731","PF03205","0"
"1732","PF03206","0"
"1733","PF03209","0"
"1734","PF03211","0"
"1735","PF03212","0"
"1736","PF03214","0"
"1737","PF03217","0"
"1738","PF03219","0"
"1739","PF03222","0"
"1740","PF03230","0"
"1741","PF03232","0"
"1742","PF03235","0"
"1743","PF03237","0"
"1744","PF03239","0"
"1745","PF03241","0"
"1746","PF03243","0"
"1747","PF03245","0"
"1748","PF03253","0"
"1749","PF03255","0"
"1750","PF03259","0"
"1751","PF03264","0"
"1752","PF03266","0"
"1753","PF03269","0"
"1754","PF03270","0"
"1755","PF03275","0"
"1756","PF03279","0"
"1757","PF03280","0"
"1758","PF03283","0"
"1759","PF03288","0"
"1760","PF03297","0"
"1761","PF03301","0"
"1762","PF03306","0"
"1763","PF03308","0"
"1764","PF03309","0"
"1765","PF03313","0"
"1766","PF03315","0"
"1767","PF03319","0"
"1768","PF03320","0"
"1769","PF03321","0"
"1770","PF03323","0"
"1771","PF03328","0"
"1772","PF03330","0"
"1773","PF03331","0"
"1774","PF03332","0"
"1775","PF03334","0"
"1776","PF03349","0"
"1777","PF03350","0"
"1778","PF03351","0"
"1779","PF03352","0"
"1780","PF03354","0"
"1781","PF03357","0"
"1782","PF03358","0"
"1783","PF03364","0"
"1784","PF03367","0"
"1785","PF03372","0"
"1786","PF03374","0"
"1787","PF03379","0"
"1788","PF03382","0"
"1789","PF03389","0"
"1790","PF03390","0"
"1791","PF03400","0"
"1792","PF03401","0"
"1793","PF03403","0"
"1794","PF03404","0"
"1795","PF03405","0"
"1796","PF03406","0"
"1797","PF03407","0"
"1798","PF03411","0"
"1799","PF03412","0"
"1800","PF03413","0"
"1801","PF03415","0"
"1802","PF03417","0"
"1803","PF03418","0"
"1804","PF03419","0"
"1805","PF03422","0"
"1806","PF03423","1"
"1807","PF03425","0"
"1808","PF03428","0"
"1809","PF03432","0"
"1810","PF03435","0"
"1811","PF03437","0"
"1812","PF03439","0"
"1813","PF03441","0"
"1814","PF03442","0"
"1815","PF03444","0"
"1816","PF03445","0"
"1817","PF03446","0"
"1818","PF03447","0"
"1819","PF03448","0"
"1820","PF03449","0"
"1821","PF03450","0"
"1822","PF03453","0"
"1823","PF03454","0"
"1824","PF03457","0"
"1825","PF03458","0"
"1826","PF03459","0"
"1827","PF03460","0"
"1828","PF03461","0"
"1829","PF03462","0"
"1830","PF03463","0"
"1831","PF03464","0"
"1832","PF03465","0"
"1833","PF03466","0"
"1834","PF03471","0"
"1835","PF03472","0"
"1836","PF03473","0"
"1837","PF03475","0"
"1838","PF03476","0"
"1839","PF03477","0"
"1840","PF03479","0"
"1841","PF03480","0"
"1842","PF03481","0"
"1843","PF03483","0"
"1844","PF03484","0"
"1845","PF03485","0"
"1846","PF03486","0"
"1847","PF03496","0"
"1848","PF03502","0"
"1849","PF03503","0"
"1850","PF03504","2"
"1851","PF03522","0"
"1852","PF03524","0"
"1853","PF03527","0"
"1854","PF03534","0"
"1855","PF03537","0"
"1856","PF03538","0"
"1857","PF03544","0"
"1858","PF03547","0"
"1859","PF03548","0"
"1860","PF03550","0"
"1861","PF03551","0"
"1862","PF03552","0"
"1863","PF03553","0"
"1864","PF03559","1"
"1865","PF03561","0"
"1866","PF03562","0"
"1867","PF03567","0"
"1868","PF03571","0"
"1869","PF03572","0"
"1870","PF03573","0"
"1871","PF03575","0"
"1872","PF03576","0"
"1873","PF03577","0"
"1874","PF03583","0"
"1875","PF03587","0"
"1876","PF03588","1"
"1877","PF03590","0"
"1878","PF03591","0"
"1879","PF03592","0"
"1880","PF03594","0"
"1881","PF03595","0"
"1882","PF03596","0"
"1883","PF03597","0"
"1884","PF03598","0"
"1885","PF03599","0"
"1886","PF03600","0"
"1887","PF03601","0"
"1888","PF03602","0"
"1889","PF03603","0"
"1890","PF03604","0"
"1891","PF03605","0"
"1892","PF03606","0"
"1893","PF03608","0"
"1894","PF03609","0"
"1895","PF03610","0"
"1896","PF03611","0"
"1897","PF03612","0"
"1898","PF03613","0"
"1899","PF03616","0"
"1900","PF03618","0"
"1901","PF03621","0"
"1902","PF03625","0"
"1903","PF03626","0"
"1904","PF03629","0"
"1905","PF03630","0"
"1906","PF03631","0"
"1907","PF03632","0"
"1908","PF03633","0"
"1909","PF03636","0"
"1910","PF03640","0"
"1911","PF03641","0"
"1912","PF03644","0"
"1913","PF03646","0"
"1914","PF03647","0"
"1915","PF03648","0"
"1916","PF03649","0"
"1917","PF03652","0"
"1918","PF03653","0"
"1919","PF03657","0"
"1920","PF03658","0"
"1921","PF03663","0"
"1922","PF03664","1"
"1923","PF03668","0"
"1924","PF03672","0"
"1925","PF03677","1"
"1926","PF03682","0"
"1927","PF03683","0"
"1928","PF03684","0"
"1929","PF03685","0"
"1930","PF03686","0"
"1931","PF03690","0"
"1932","PF03691","1"
"1933","PF03692","0"
"1934","PF03693","0"
"1935","PF03695","0"
"1936","PF03698","0"
"1937","PF03699","0"
"1938","PF03701","0"
"1939","PF03702","0"
"1940","PF03703","0"
"1941","PF03704","0"
"1942","PF03705","0"
"1943","PF03706","0"
"1944","PF03707","0"
"1945","PF03709","0"
"1946","PF03710","0"
"1947","PF03711","0"
"1948","PF03712","0"
"1949","PF03713","0"
"1950","PF03714","0"
"1951","PF03717","0"
"1952","PF03719","0"
"1953","PF03720","0"
"1954","PF03721","0"
"1955","PF03724","0"
"1956","PF03725","0"
"1957","PF03726","0"
"1958","PF03727","0"
"1959","PF03729","0"
"1960","PF03733","0"
"1961","PF03734","0"
"1962","PF03737","0"
"1963","PF03738","0"
"1964","PF03739","0"
"1965","PF03740","0"
"1966","PF03741","0"
"1967","PF03742","1"
"1968","PF03743","0"
"1969","PF03744","0"
"1970","PF03745","0"
"1971","PF03746","0"
"1972","PF03747","0"
"1973","PF03748","0"
"1974","PF03749","0"
"1975","PF03750","0"
"1976","PF03752","0"
"1977","PF03755","0"
"1978","PF03756","0"
"1979","PF03764","0"
"1980","PF03767","0"
"1981","PF03771","0"
"1982","PF03772","0"
"1983","PF03773","0"
"1984","PF03775","0"
"1985","PF03776","0"
"1986","PF03777","0"
"1987","PF03779","0"
"1988","PF03780","0"
"1989","PF03781","0"
"1990","PF03783","0"
"1991","PF03786","0"
"1992","PF03787","0"
"1993","PF03788","0"
"1994","PF03793","0"
"1995","PF03795","0"
"1996","PF03796","0"
"1997","PF03797","0"
"1998","PF03799","0"
"1999","PF03802","0"
"2000","PF03803","0"
"2001","PF03806","0"
"2002","PF03807","0"
"2003","PF03808","0"
"2004","PF03811","0"
"2005","PF03812","0"
"2006","PF03814","0"
"2007","PF03816","0"
"2008","PF03817","0"
"2009","PF03818","0"
"2010","PF03819","0"
"2011","PF03824","0"
"2012","PF03825","0"
"2013","PF03829","0"
"2014","PF03830","0"
"2015","PF03831","0"
"2016","PF03833","0"
"2017","PF03837","0"
"2018","PF03838","0"
"2019","PF03840","0"
"2020","PF03841","0"
"2021","PF03843","0"
"2022","PF03845","0"
"2023","PF03846","0"
"2024","PF03848","0"
"2025","PF03851","0"
"2026","PF03852","0"
"2027","PF03853","0"
"2028","PF03860","0"
"2029","PF03861","0"
"2030","PF03862","0"
"2031","PF03864","0"
"2032","PF03865","0"
"2033","PF03869","0"
"2034","PF03872","0"
"2035","PF03873","0"
"2036","PF03874","0"
"2037","PF03876","0"
"2038","PF03880","0"
"2039","PF03881","0"
"2040","PF03882","0"
"2041","PF03883","0"
"2042","PF03884","1"
"2043","PF03885","0"
"2044","PF03886","0"
"2045","PF03887","0"
"2046","PF03888","0"
"2047","PF03889","0"
"2048","PF03891","0"
"2049","PF03892","0"
"2050","PF03894","0"
"2051","PF03895","0"
"2052","PF03899","0"
"2053","PF03900","0"
"2054","PF03901","0"
"2055","PF03903","0"
"2056","PF03911","0"
"2057","PF03912","0"
"2058","PF03916","0"
"2059","PF03918","0"
"2060","PF03922","0"
"2061","PF03923","0"
"2062","PF03924","0"
"2063","PF03925","0"
"2064","PF03927","0"
"2065","PF03928","0"
"2066","PF03929","0"
"2067","PF03932","0"
"2068","PF03934","0"
"2069","PF03937","0"
"2070","PF03938","0"
"2071","PF03942","0"
"2072","PF03946","0"
"2073","PF03947","0"
"2074","PF03948","0"
"2075","PF03949","0"
"2076","PF03950","0"
"2077","PF03951","0"
"2078","PF03952","0"
"2079","PF03956","0"
"2080","PF03958","0"
"2081","PF03959","0"
"2082","PF03960","0"
"2083","PF03961","0"
"2084","PF03963","0"
"2085","PF03965","0"
"2086","PF03966","0"
"2087","PF03967","0"
"2088","PF03968","0"
"2089","PF03969","0"
"2090","PF03971","0"
"2091","PF03972","0"
"2092","PF03974","0"
"2093","PF03975","0"
"2094","PF03976","0"
"2095","PF03977","0"
"2096","PF03979","0"
"2097","PF03981","0"
"2098","PF03982","0"
"2099","PF03983","0"
"2100","PF03984","0"
"2101","PF03988","0"
"2102","PF03989","0"
"2103","PF03990","0"
"2104","PF03992","0"
"2105","PF03993","0"
"2106","PF03994","0"
"2107","PF03995","0"
"2108","PF04002","0"
"2109","PF04007","0"
"2110","PF04008","0"
"2111","PF04009","0"
"2112","PF04010","0"
"2113","PF04011","0"
"2114","PF04012","0"
"2115","PF04013","0"
"2116","PF04014","0"
"2117","PF04015","0"
"2118","PF04016","0"
"2119","PF04017","0"
"2120","PF04018","0"
"2121","PF04019","0"
"2122","PF04020","0"
"2123","PF04021","0"
"2124","PF04023","0"
"2125","PF04024","0"
"2126","PF04025","0"
"2127","PF04026","0"
"2128","PF04027","0"
"2129","PF04028","0"
"2130","PF04029","0"
"2131","PF04030","0"
"2132","PF04032","0"
"2133","PF04034","0"
"2134","PF04038","0"
"2135","PF04039","0"
"2136","PF04041","0"
"2137","PF04042","0"
"2138","PF04052","0"
"2139","PF04055","0"
"2140","PF04060","0"
"2141","PF04066","0"
"2142","PF04068","0"
"2143","PF04069","0"
"2144","PF04070","0"
"2145","PF04071","0"
"2146","PF04072","0"
"2147","PF04073","0"
"2148","PF04074","0"
"2149","PF04075","0"
"2150","PF04076","0"
"2151","PF04077","0"
"2152","PF04079","0"
"2153","PF04085","0"
"2154","PF04087","0"
"2155","PF04093","0"
"2156","PF04095","0"
"2157","PF04098","0"
"2158","PF04101","0"
"2159","PF04102","0"
"2160","PF04104","0"
"2161","PF04107","0"
"2162","PF04115","0"
"2163","PF04116","0"
"2164","PF04120","0"
"2165","PF04122","0"
"2166","PF04123","0"
"2167","PF04126","0"
"2168","PF04127","0"
"2169","PF04131","0"
"2170","PF04134","0"
"2171","PF04135","0"
"2172","PF04138","0"
"2173","PF04140","0"
"2174","PF04143","0"
"2175","PF04149","0"
"2176","PF04151","0"
"2177","PF04165","0"
"2178","PF04166","0"
"2179","PF04167","0"
"2180","PF04168","0"
"2181","PF04170","0"
"2182","PF04172","0"
"2183","PF04173","0"
"2184","PF04175","0"
"2185","PF04182","0"
"2186","PF04183","0"
"2187","PF04185","0"
"2188","PF04186","0"
"2189","PF04187","0"
"2190","PF04188","0"
"2191","PF04191","0"
"2192","PF04193","0"
"2193","PF04198","0"
"2194","PF04199","0"
"2195","PF04200","0"
"2196","PF04203","0"
"2197","PF04204","0"
"2198","PF04205","0"
"2199","PF04206","0"
"2200","PF04207","0"
"2201","PF04208","0"
"2202","PF04209","0"
"2203","PF04210","0"
"2204","PF04211","0"
"2205","PF04212","0"
"2206","PF04213","0"
"2207","PF04214","0"
"2208","PF04216","0"
"2209","PF04217","0"
"2210","PF04219","0"
"2211","PF04220","0"
"2212","PF04221","0"
"2213","PF04222","0"
"2214","PF04223","0"
"2215","PF04224","0"
"2216","PF04225","0"
"2217","PF04226","0"
"2218","PF04227","0"
"2219","PF04228","0"
"2220","PF04229","0"
"2221","PF04230","0"
"2222","PF04231","0"
"2223","PF04232","0"
"2224","PF04233","0"
"2225","PF04234","0"
"2226","PF04235","0"
"2227","PF04237","0"
"2228","PF04238","0"
"2229","PF04239","0"
"2230","PF04240","0"
"2231","PF04241","0"
"2232","PF04242","0"
"2233","PF04244","0"
"2234","PF04245","0"
"2235","PF04246","0"
"2236","PF04247","0"
"2237","PF04248","0"
"2238","PF04250","0"
"2239","PF04252","0"
"2240","PF04253","1"
"2241","PF04254","0"
"2242","PF04255","0"
"2243","PF04256","0"
"2244","PF04257","0"
"2245","PF04259","0"
"2246","PF04260","0"
"2247","PF04261","0"
"2248","PF04262","0"
"2249","PF04263","0"
"2250","PF04264","0"
"2251","PF04265","0"
"2252","PF04266","0"
"2253","PF04267","1"
"2254","PF04268","0"
"2255","PF04269","1"
"2256","PF04270","0"
"2257","PF04273","0"
"2258","PF04277","0"
"2259","PF04278","0"
"2260","PF04279","0"
"2261","PF04280","0"
"2262","PF04282","0"
"2263","PF04283","0"
"2264","PF04284","0"
"2265","PF04285","0"
"2266","PF04286","0"
"2267","PF04287","1"
"2268","PF04288","0"
"2269","PF04289","0"
"2270","PF04290","0"
"2271","PF04293","0"
"2272","PF04294","0"
"2273","PF04295","0"
"2274","PF04296","0"
"2275","PF04297","0"
"2276","PF04298","0"
"2277","PF04299","0"
"2278","PF04301","0"
"2279","PF04303","0"
"2280","PF04304","0"
"2281","PF04305","0"
"2282","PF04306","0"
"2283","PF04307","0"
"2284","PF04308","0"
"2285","PF04309","0"
"2286","PF04310","0"
"2287","PF04311","1"
"2288","PF04312","0"
"2289","PF04313","0"
"2290","PF04314","0"
"2291","PF04315","1"
"2292","PF04316","0"
"2293","PF04317","0"
"2294","PF04319","0"
"2295","PF04320","0"
"2296","PF04321","0"
"2297","PF04322","0"
"2298","PF04324","0"
"2299","PF04325","0"
"2300","PF04326","0"
"2301","PF04327","0"
"2302","PF04328","0"
"2303","PF04332","0"
"2304","PF04333","0"
"2305","PF04335","0"
"2306","PF04336","0"
"2307","PF04337","0"
"2308","PF04338","0"
"2309","PF04339","0"
"2310","PF04340","0"
"2311","PF04341","0"
"2312","PF04342","0"
"2313","PF04343","0"
"2314","PF04344","0"
"2315","PF04345","0"
"2316","PF04346","0"
"2317","PF04347","0"
"2318","PF04348","0"
"2319","PF04349","0"
"2320","PF04350","0"
"2321","PF04351","0"
"2322","PF04352","0"
"2323","PF04353","0"
"2324","PF04354","0"
"2325","PF04355","0"
"2326","PF04356","0"
"2327","PF04357","0"
"2328","PF04358","0"
"2329","PF04359","0"
"2330","PF04361","0"
"2331","PF04362","1"
"2332","PF04363","0"
"2333","PF04364","0"
"2334","PF04365","0"
"2335","PF04366","0"
"2336","PF04367","0"
"2337","PF04368","0"
"2338","PF04371","0"
"2339","PF04375","0"
"2340","PF04376","0"
"2341","PF04377","0"
"2342","PF04378","0"
"2343","PF04379","0"
"2344","PF04380","0"
"2345","PF04381","0"
"2346","PF04383","0"
"2347","PF04384","0"
"2348","PF04386","0"
"2349","PF04389","0"
"2350","PF04390","0"
"2351","PF04391","0"
"2352","PF04392","0"
"2353","PF04393","0"
"2354","PF04394","0"
"2355","PF04397","0"
"2356","PF04399","0"
"2357","PF04400","0"
"2358","PF04402","0"
"2359","PF04403","0"
"2360","PF04404","0"
"2361","PF04405","0"
"2362","PF04406","0"
"2363","PF04407","0"
"2364","PF04408","0"
"2365","PF04409","0"
"2366","PF04410","0"
"2367","PF04411","0"
"2368","PF04412","0"
"2369","PF04413","0"
"2370","PF04414","0"
"2371","PF04415","0"
"2372","PF04417","0"
"2373","PF04422","0"
"2374","PF04423","0"
"2375","PF04430","0"
"2376","PF04432","0"
"2377","PF04434","0"
"2378","PF04439","0"
"2379","PF04442","0"
"2380","PF04443","0"
"2381","PF04444","0"
"2382","PF04445","0"
"2383","PF04446","0"
"2384","PF04450","0"
"2385","PF04452","0"
"2386","PF04453","0"
"2387","PF04454","0"
"2388","PF04455","0"
"2389","PF04456","0"
"2390","PF04457","0"
"2391","PF04459","0"
"2392","PF04461","0"
"2393","PF04463","0"
"2394","PF04464","0"
"2395","PF04465","0"
"2396","PF04466","0"
"2397","PF04468","0"
"2398","PF04471","0"
"2399","PF04472","0"
"2400","PF04473","0"
"2401","PF04474","0"
"2402","PF04475","0"
"2403","PF04476","0"
"2404","PF04480","0"
"2405","PF04481","0"
"2406","PF04483","0"
"2407","PF04485","0"
"2408","PF04486","0"
"2409","PF04488","0"
"2410","PF04492","0"
"2411","PF04493","0"
"2412","PF04505","0"
"2413","PF04509","0"
"2414","PF04518","1"
"2415","PF04519","0"
"2416","PF04525","0"
"2417","PF04531","0"
"2418","PF04536","0"
"2419","PF04539","0"
"2420","PF04542","0"
"2421","PF04545","0"
"2422","PF04546","0"
"2423","PF04551","0"
"2424","PF04552","0"
"2425","PF04555","0"
"2426","PF04556","0"
"2427","PF04560","0"
"2428","PF04561","0"
"2429","PF04563","0"
"2430","PF04565","0"
"2431","PF04566","0"
"2432","PF04567","0"
"2433","PF04575","0"
"2434","PF04577","0"
"2435","PF04586","0"
"2436","PF04587","0"
"2437","PF04588","0"
"2438","PF04602","2"
"2439","PF04606","0"
"2440","PF04607","0"
"2441","PF04608","0"
"2442","PF04609","0"
"2443","PF04610","0"
"2444","PF04612","0"
"2445","PF04613","0"
"2446","PF04616","0"
"2447","PF04630","0"
"2448","PF04632","0"
"2449","PF04634","0"
"2450","PF04647","0"
"2451","PF04650","0"
"2452","PF04654","0"
"2453","PF04655","0"
"2454","PF04657","0"
"2455","PF04659","1"
"2456","PF04663","0"
"2457","PF04672","0"
"2458","PF04673","1"
"2459","PF04675","0"
"2460","PF04679","0"
"2461","PF04685","0"
"2462","PF04686","0"
"2463","PF04688","0"
"2464","PF04693","0"
"2465","PF04703","0"
"2466","PF04715","0"
"2467","PF04717","0"
"2468","PF04723","0"
"2469","PF04728","0"
"2470","PF04734","0"
"2471","PF04738","0"
"2472","PF04740","0"
"2473","PF04744","0"
"2474","PF04746","0"
"2475","PF04748","0"
"2476","PF04751","0"
"2477","PF04752","0"
"2478","PF04754","0"
"2479","PF04755","0"
"2480","PF04758","0"
"2481","PF04760","0"
"2482","PF04763","0"
"2483","PF04765","0"
"2484","PF04773","0"
"2485","PF04775","0"
"2486","PF04784","0"
"2487","PF04794","0"
"2488","PF04796","0"
"2489","PF04800","0"
"2490","PF04809","1"
"2491","PF04816","0"
"2492","PF04820","0"
"2493","PF04828","0"
"2494","PF04829","0"
"2495","PF04830","0"
"2496","PF04832","0"
"2497","PF04839","4"
"2498","PF04851","0"
"2499","PF04854","0"
"2500","PF04860","0"
"2501","PF04862","0"
"2502","PF04865","0"
"2503","PF04879","0"
"2504","PF04883","0"
"2505","PF04885","0"
"2506","PF04886","0"
"2507","PF04888","0"
"2508","PF04890","0"
"2509","PF04891","0"
"2510","PF04892","0"
"2511","PF04893","0"
"2512","PF04894","0"
"2513","PF04895","0"
"2514","PF04896","0"
"2515","PF04898","0"
"2516","PF04909","0"
"2517","PF04914","0"
"2518","PF04917","0"
"2519","PF04919","0"
"2520","PF04930","0"
"2521","PF04932","0"
"2522","PF04940","0"
"2523","PF04945","0"
"2524","PF04951","0"
"2525","PF04952","0"
"2526","PF04954","0"
"2527","PF04955","0"
"2528","PF04956","0"
"2529","PF04957","1"
"2530","PF04958","0"
"2531","PF04960","0"
"2532","PF04961","0"
"2533","PF04962","0"
"2534","PF04963","0"
"2535","PF04964","0"
"2536","PF04965","0"
"2537","PF04966","0"
"2538","PF04967","0"
"2539","PF04970","0"
"2540","PF04972","0"
"2541","PF04973","0"
"2542","PF04976","0"
"2543","PF04977","0"
"2544","PF04978","0"
"2545","PF04981","0"
"2546","PF04982","0"
"2547","PF04983","0"
"2548","PF04984","0"
"2549","PF04985","0"
"2550","PF04986","0"
"2551","PF04989","0"
"2552","PF04991","0"
"2553","PF04993","0"
"2554","PF04994","0"
"2555","PF04995","0"
"2556","PF04996","0"
"2557","PF04997","0"
"2558","PF04998","0"
"2559","PF04999","0"
"2560","PF05000","0"
"2561","PF05013","0"
"2562","PF05014","0"
"2563","PF05015","0"
"2564","PF05016","0"
"2565","PF05019","0"
"2566","PF05023","0"
"2567","PF05025","0"
"2568","PF05031","0"
"2569","PF05034","0"
"2570","PF05035","0"
"2571","PF05036","0"
"2572","PF05037","0"
"2573","PF05043","0"
"2574","PF05045","0"
"2575","PF05048","0"
"2576","PF05050","0"
"2577","PF05057","0"
"2578","PF05063","0"
"2579","PF05065","0"
"2580","PF05066","0"
"2581","PF05067","0"
"2582","PF05068","0"
"2583","PF05069","0"
"2584","PF05071","1"
"2585","PF05076","0"
"2586","PF05082","0"
"2587","PF05088","0"
"2588","PF05089","0"
"2589","PF05090","0"
"2590","PF05095","0"
"2591","PF05096","0"
"2592","PF05099","0"
"2593","PF05100","0"
"2594","PF05101","0"
"2595","PF05103","0"
"2596","PF05105","0"
"2597","PF05106","0"
"2598","PF05107","0"
"2599","PF05108","0"
"2600","PF05114","0"
"2601","PF05116","0"
"2602","PF05117","0"
"2603","PF05118","0"
"2604","PF05119","0"
"2605","PF05120","0"
"2606","PF05121","0"
"2607","PF05123","0"
"2608","PF05124","0"
"2609","PF05125","0"
"2610","PF05127","0"
"2611","PF05128","0"
"2612","PF05129","0"
"2613","PF05130","0"
"2614","PF05133","0"
"2615","PF05134","0"
"2616","PF05135","0"
"2617","PF05136","0"
"2618","PF05137","0"
"2619","PF05138","0"
"2620","PF05139","0"
"2621","PF05140","0"
"2622","PF05141","0"
"2623","PF05144","0"
"2624","PF05145","0"
"2625","PF05147","0"
"2626","PF05150","0"
"2627","PF05151","0"
"2628","PF05153","0"
"2629","PF05154","0"
"2630","PF05157","0"
"2631","PF05159","0"
"2632","PF05161","0"
"2633","PF05163","0"
"2634","PF05164","0"
"2635","PF05165","0"
"2636","PF05166","0"
"2637","PF05167","0"
"2638","PF05168","0"
"2639","PF05170","0"
"2640","PF05171","0"
"2641","PF05173","0"
"2642","PF05175","0"
"2643","PF05176","0"
"2644","PF05187","0"
"2645","PF05188","0"
"2646","PF05189","0"
"2647","PF05190","0"
"2648","PF05191","0"
"2649","PF05192","0"
"2650","PF05193","0"
"2651","PF05194","0"
"2652","PF05195","0"
"2653","PF05198","0"
"2654","PF05199","0"
"2655","PF05201","0"
"2656","PF05209","0"
"2657","PF05215","0"
"2658","PF05221","0"
"2659","PF05222","0"
"2660","PF05223","0"
"2661","PF05225","0"
"2662","PF05226","0"
"2663","PF05227","0"
"2664","PF05228","0"
"2665","PF05229","0"
"2666","PF05230","0"
"2667","PF05231","0"
"2668","PF05232","0"
"2669","PF05233","0"
"2670","PF05235","0"
"2671","PF05239","0"
"2672","PF05247","0"
"2673","PF05256","0"
"2674","PF05257","0"
"2675","PF05258","0"
"2676","PF05270","0"
"2677","PF05272","0"
"2678","PF05275","0"
"2679","PF05277","0"
"2680","PF05280","0"
"2681","PF05284","0"
"2682","PF05292","0"
"2683","PF05299","0"
"2684","PF05302","0"
"2685","PF05305","0"
"2686","PF05309","0"
"2687","PF05317","0"
"2688","PF05321","1"
"2689","PF05331","0"
"2690","PF05336","0"
"2691","PF05343","0"
"2692","PF05345","0"
"2693","PF05359","0"
"2694","PF05360","0"
"2695","PF05362","0"
"2696","PF05368","0"
"2697","PF05369","0"
"2698","PF05377","0"
"2699","PF05378","0"
"2700","PF05384","0"
"2701","PF05389","0"
"2702","PF05400","0"
"2703","PF05401","0"
"2704","PF05402","0"
"2705","PF05406","0"
"2706","PF05419","0"
"2707","PF05420","0"
"2708","PF05421","0"
"2709","PF05423","0"
"2710","PF05425","0"
"2711","PF05426","0"
"2712","PF05430","0"
"2713","PF05433","0"
"2714","PF05437","0"
"2715","PF05440","0"
"2716","PF05443","0"
"2717","PF05448","0"
"2718","PF05472","0"
"2719","PF05481","0"
"2720","PF05484","0"
"2721","PF05488","0"
"2722","PF05489","0"
"2723","PF05491","0"
"2724","PF05494","0"
"2725","PF05495","0"
"2726","PF05496","0"
"2727","PF05504","0"
"2728","PF05506","0"
"2729","PF05509","0"
"2730","PF05521","0"
"2731","PF05523","0"
"2732","PF05524","0"
"2733","PF05525","0"
"2734","PF05532","0"
"2735","PF05534","0"
"2736","PF05542","0"
"2737","PF05544","0"
"2738","PF05545","0"
"2739","PF05547","0"
"2740","PF05552","0"
"2741","PF05559","0"
"2742","PF05565","0"
"2743","PF05567","0"
"2744","PF05569","0"
"2745","PF05572","0"
"2746","PF05573","0"
"2747","PF05576","0"
"2748","PF05580","0"
"2749","PF05582","0"
"2750","PF05591","0"
"2751","PF05592","0"
"2752","PF05593","0"
"2753","PF05594","0"
"2754","PF05595","0"
"2755","PF05597","0"
"2756","PF05598","0"
"2757","PF05610","0"
"2758","PF05618","0"
"2759","PF05621","0"
"2760","PF05626","0"
"2761","PF05630","0"
"2762","PF05635","0"
"2763","PF05636","0"
"2764","PF05638","0"
"2765","PF05639","0"
"2766","PF05643","0"
"2767","PF05649","0"
"2768","PF05650","0"
"2769","PF05651","0"
"2770","PF05653","0"
"2771","PF05656","0"
"2772","PF05658","0"
"2773","PF05661","0"
"2774","PF05662","0"
"2775","PF05670","0"
"2776","PF05673","0"
"2777","PF05675","0"
"2778","PF05677","0"
"2779","PF05681","0"
"2780","PF05683","0"
"2781","PF05684","0"
"2782","PF05685","0"
"2783","PF05686","0"
"2784","PF05690","0"
"2785","PF05691","0"
"2786","PF05693","0"
"2787","PF05694","0"
"2788","PF05697","0"
"2789","PF05698","0"
"2790","PF05704","0"
"2791","PF05706","0"
"2792","PF05707","0"
"2793","PF05708","0"
"2794","PF05709","0"
"2795","PF05711","0"
"2796","PF05713","0"
"2797","PF05717","0"
"2798","PF05719","0"
"2799","PF05721","0"
"2800","PF05724","0"
"2801","PF05726","0"
"2802","PF05727","0"
"2803","PF05728","0"
"2804","PF05729","0"
"2805","PF05731","0"
"2806","PF05732","0"
"2807","PF05737","0"
"2808","PF05738","0"
"2809","PF05742","0"
"2810","PF05745","0"
"2811","PF05746","0"
"2812","PF05751","0"
"2813","PF05753","0"
"2814","PF05762","0"
"2815","PF05763","0"
"2816","PF05768","0"
"2817","PF05787","0"
"2818","PF05800","0"
"2819","PF05816","0"
"2820","PF05818","0"
"2821","PF05833","0"
"2822","PF05834","0"
"2823","PF05838","0"
"2824","PF05840","0"
"2825","PF05845","0"
"2826","PF05848","0"
"2827","PF05853","0"
"2828","PF05854","1"
"2829","PF05857","0"
"2830","PF05860","0"
"2831","PF05861","0"
"2832","PF05866","0"
"2833","PF05869","0"
"2834","PF05870","1"
"2835","PF05872","0"
"2836","PF05875","0"
"2837","PF05876","0"
"2838","PF05889","0"
"2839","PF05893","0"
"2840","PF05896","0"
"2841","PF05899","0"
"2842","PF05901","0"
"2843","PF05908","0"
"2844","PF05913","0"
"2845","PF05916","0"
"2846","PF05922","0"
"2847","PF05926","0"
"2848","PF05929","0"
"2849","PF05930","0"
"2850","PF05932","0"
"2851","PF05935","0"
"2852","PF05936","0"
"2853","PF05939","0"
"2854","PF05940","0"
"2855","PF05942","0"
"2856","PF05943","0"
"2857","PF05944","1"
"2858","PF05947","0"
"2859","PF05949","0"
"2860","PF05951","0"
"2861","PF05954","0"
"2862","PF05957","0"
"2863","PF05958","0"
"2864","PF05960","0"
"2865","PF05962","0"
"2866","PF05969","0"
"2867","PF05970","0"
"2868","PF05971","0"
"2869","PF05973","0"
"2870","PF05974","0"
"2871","PF05975","0"
"2872","PF05977","0"
"2873","PF05979","0"
"2874","PF05981","0"
"2875","PF05982","0"
"2876","PF05985","0"
"2877","PF05987","0"
"2878","PF05988","0"
"2879","PF05990","0"
"2880","PF05991","0"
"2881","PF05992","0"
"2882","PF05995","0"
"2883","PF05996","0"
"2884","PF06004","0"
"2885","PF06005","0"
"2886","PF06007","0"
"2887","PF06013","0"
"2888","PF06014","0"
"2889","PF06018","0"
"2890","PF06023","0"
"2891","PF06026","0"
"2892","PF06028","0"
"2893","PF06029","0"
"2894","PF06030","0"
"2895","PF06032","0"
"2896","PF06035","0"
"2897","PF06037","0"
"2898","PF06039","0"
"2899","PF06041","0"
"2900","PF06042","0"
"2901","PF06044","0"
"2902","PF06048","0"
"2903","PF06050","0"
"2904","PF06051","0"
"2905","PF06052","0"
"2906","PF06053","0"
"2907","PF06054","0"
"2908","PF06055","0"
"2909","PF06056","0"
"2910","PF06057","0"
"2911","PF06059","1"
"2912","PF06062","0"
"2913","PF06067","0"
"2914","PF06068","0"
"2915","PF06071","1"
"2916","PF06073","0"
"2917","PF06074","0"
"2918","PF06078","0"
"2919","PF06080","0"
"2920","PF06081","0"
"2921","PF06082","0"
"2922","PF06089","0"
"2923","PF06092","1"
"2924","PF06093","0"
"2925","PF06094","0"
"2926","PF06097","0"
"2927","PF06099","0"
"2928","PF06100","0"
"2929","PF06103","0"
"2930","PF06107","0"
"2931","PF06108","0"
"2932","PF06114","0"
"2933","PF06115","0"
"2934","PF06122","0"
"2935","PF06123","0"
"2936","PF06124","0"
"2937","PF06125","0"
"2938","PF06127","0"
"2939","PF06130","0"
"2940","PF06133","0"
"2941","PF06134","1"
"2942","PF06135","0"
"2943","PF06144","0"
"2944","PF06146","0"
"2945","PF06149","0"
"2946","PF06150","0"
"2947","PF06152","0"
"2948","PF06153","0"
"2949","PF06155","0"
"2950","PF06156","0"
"2951","PF06157","0"
"2952","PF06160","0"
"2953","PF06161","0"
"2954","PF06165","0"
"2955","PF06166","0"
"2956","PF06167","0"
"2957","PF06168","0"
"2958","PF06169","0"
"2959","PF06170","0"
"2960","PF06172","0"
"2961","PF06175","0"
"2962","PF06177","0"
"2963","PF06178","0"
"2964","PF06180","0"
"2965","PF06181","0"
"2966","PF06182","0"
"2967","PF06183","0"
"2968","PF06185","0"
"2969","PF06186","0"
"2970","PF06187","0"
"2971","PF06188","0"
"2972","PF06189","0"
"2973","PF06195","0"
"2974","PF06196","1"
"2975","PF06197","0"
"2976","PF06199","0"
"2977","PF06202","0"
"2978","PF06206","0"
"2979","PF06207","0"
"2980","PF06210","0"
"2981","PF06213","0"
"2982","PF06224","0"
"2983","PF06226","0"
"2984","PF06228","0"
"2985","PF06230","0"
"2986","PF06233","1"
"2987","PF06236","0"
"2988","PF06240","0"
"2989","PF06241","0"
"2990","PF06242","0"
"2991","PF06243","0"
"2992","PF06245","0"
"2993","PF06249","0"
"2994","PF06250","0"
"2995","PF06251","0"
"2996","PF06252","0"
"2997","PF06253","0"
"2998","PF06257","0"
"2999","PF06258","0"
"3000","PF06259","0"
"3001","PF06262","0"
"3002","PF06265","0"
"3003","PF06267","0"
"3004","PF06271","0"
"3005","PF06276","0"
"3006","PF06277","0"
"3007","PF06279","2"
"3008","PF06280","0"
"3009","PF06282","0"
"3010","PF06283","0"
"3011","PF06288","1"
"3012","PF06289","0"
"3013","PF06291","0"
"3014","PF06293","0"
"3015","PF06295","0"
"3016","PF06296","0"
"3017","PF06298","1"
"3018","PF06299","0"
"3019","PF06303","1"
"3020","PF06304","0"
"3021","PF06305","0"
"3022","PF06314","0"
"3023","PF06315","0"
"3024","PF06319","0"
"3025","PF06321","0"
"3026","PF06325","0"
"3027","PF06335","0"
"3028","PF06338","0"
"3029","PF06339","0"
"3030","PF06347","0"
"3031","PF06348","0"
"3032","PF06353","1"
"3033","PF06356","0"
"3034","PF06368","0"
"3035","PF06379","0"
"3036","PF06381","0"
"3037","PF06386","0"
"3038","PF06397","0"
"3039","PF06406","0"
"3040","PF06411","0"
"3041","PF06412","0"
"3042","PF06414","0"
"3043","PF06415","0"
"3044","PF06418","0"
"3045","PF06421","0"
"3046","PF06426","0"
"3047","PF06429","0"
"3048","PF06433","0"
"3049","PF06434","0"
"3050","PF06439","0"
"3051","PF06441","0"
"3052","PF06445","0"
"3053","PF06450","0"
"3054","PF06452","0"
"3055","PF06455","0"
"3056","PF06458","0"
"3057","PF06463","0"
"3058","PF06468","0"
"3059","PF06470","0"
"3060","PF06472","0"
"3061","PF06475","0"
"3062","PF06476","0"
"3063","PF06480","0"
"3064","PF06481","0"
"3065","PF06483","0"
"3066","PF06485","2"
"3067","PF06486","0"
"3068","PF06490","0"
"3069","PF06491","0"
"3070","PF06496","0"
"3071","PF06500","0"
"3072","PF06505","0"
"3073","PF06506","0"
"3074","PF06508","0"
"3075","PF06510","0"
"3076","PF06514","0"
"3077","PF06516","0"
"3078","PF06519","0"
"3079","PF06525","0"
"3080","PF06526","0"
"3081","PF06527","0"
"3082","PF06528","0"
"3083","PF06530","0"
"3084","PF06532","0"
"3085","PF06537","0"
"3086","PF06541","0"
"3087","PF06545","1"
"3088","PF06550","0"
"3089","PF06551","0"
"3090","PF06557","0"
"3091","PF06559","0"
"3092","PF06560","0"
"3093","PF06564","0"
"3094","PF06568","0"
"3095","PF06569","0"
"3096","PF06570","0"
"3097","PF06572","0"
"3098","PF06574","0"
"3099","PF06577","0"
"3100","PF06580","0"
"3101","PF06586","0"
"3102","PF06587","0"
"3103","PF06594","0"
"3104","PF06596","0"
"3105","PF06605","0"
"3106","PF06611","0"
"3107","PF06612","0"
"3108","PF06616","0"
"3109","PF06620","0"
"3110","PF06626","0"
"3111","PF06627","1"
"3112","PF06628","0"
"3113","PF06629","0"
"3114","PF06634","0"
"3115","PF06649","0"
"3116","PF06662","0"
"3117","PF06666","0"
"3118","PF06667","0"
"3119","PF06674","0"
"3120","PF06675","0"
"3121","PF06676","0"
"3122","PF06677","0"
"3123","PF06684","0"
"3124","PF06685","0"
"3125","PF06686","0"
"3126","PF06689","0"
"3127","PF06691","0"
"3128","PF06693","0"
"3129","PF06695","0"
"3130","PF06698","0"
"3131","PF06707","0"
"3132","PF06713","0"
"3133","PF06715","0"
"3134","PF06718","0"
"3135","PF06719","0"
"3136","PF06722","0"
"3137","PF06723","0"
"3138","PF06724","0"
"3139","PF06725","0"
"3140","PF06727","0"
"3141","PF06733","0"
"3142","PF06736","0"
"3143","PF06737","0"
"3144","PF06738","0"
"3145","PF06739","0"
"3146","PF06742","0"
"3147","PF06744","0"
"3148","PF06745","0"
"3149","PF06748","0"
"3150","PF06750","0"
"3151","PF06751","0"
"3152","PF06754","0"
"3153","PF06761","0"
"3154","PF06762","0"
"3155","PF06763","0"
"3156","PF06764","0"
"3157","PF06769","0"
"3158","PF06772","0"
"3159","PF06776","0"
"3160","PF06777","0"
"3161","PF06778","0"
"3162","PF06779","0"
"3163","PF06781","0"
"3164","PF06782","0"
"3165","PF06785","0"
"3166","PF06790","0"
"3167","PF06791","0"
"3168","PF06792","0"
"3169","PF06793","0"
"3170","PF06794","0"
"3171","PF06796","0"
"3172","PF06798","0"
"3173","PF06799","3"
"3174","PF06800","0"
"3175","PF06803","0"
"3176","PF06804","0"
"3177","PF06805","0"
"3178","PF06808","0"
"3179","PF06810","0"
"3180","PF06812","0"
"3181","PF06819","0"
"3182","PF06821","0"
"3183","PF06823","0"
"3184","PF06824","0"
"3185","PF06826","0"
"3186","PF06827","0"
"3187","PF06831","0"
"3188","PF06832","0"
"3189","PF06833","0"
"3190","PF06834","0"
"3191","PF06835","0"
"3192","PF06838","0"
"3193","PF06841","0"
"3194","PF06844","0"
"3195","PF06847","0"
"3196","PF06848","0"
"3197","PF06849","0"
"3198","PF06850","0"
"3199","PF06853","0"
"3200","PF06854","0"
"3201","PF06855","0"
"3202","PF06857","0"
"3203","PF06858","0"
"3204","PF06863","0"
"3205","PF06865","0"
"3206","PF06866","0"
"3207","PF06868","0"
"3208","PF06874","0"
"3209","PF06877","0"
"3210","PF06884","0"
"3211","PF06889","0"
"3212","PF06890","0"
"3213","PF06891","0"
"3214","PF06892","0"
"3215","PF06897","0"
"3216","PF06898","0"
"3217","PF06902","0"
"3218","PF06904","0"
"3219","PF06906","0"
"3220","PF06908","0"
"3221","PF06912","0"
"3222","PF06923","0"
"3223","PF06925","0"
"3224","PF06934","1"
"3225","PF06935","0"
"3226","PF06938","0"
"3227","PF06939","0"
"3228","PF06940","0"
"3229","PF06941","0"
"3230","PF06942","0"
"3231","PF06945","0"
"3232","PF06947","0"
"3233","PF06949","0"
"3234","PF06953","0"
"3235","PF06956","0"
"3236","PF06961","0"
"3237","PF06962","0"
"3238","PF06964","0"
"3239","PF06965","0"
"3240","PF06966","0"
"3241","PF06967","0"
"3242","PF06968","0"
"3243","PF06969","0"
"3244","PF06970","0"
"3245","PF06971","0"
"3246","PF06973","0"
"3247","PF06974","0"
"3248","PF06977","0"
"3249","PF06980","0"
"3250","PF06983","0"
"3251","PF06986","0"
"3252","PF06988","0"
"3253","PF06992","0"
"3254","PF06993","0"
"3255","PF06995","0"
"3256","PF06996","0"
"3257","PF06998","0"
"3258","PF06999","0"
"3259","PF07005","0"
"3260","PF07007","0"
"3261","PF07009","0"
"3262","PF07012","0"
"3263","PF07015","0"
"3264","PF07017","0"
"3265","PF07021","0"
"3266","PF07022","0"
"3267","PF07023","1"
"3268","PF07024","1"
"3269","PF07027","0"
"3270","PF07030","0"
"3271","PF07040","0"
"3272","PF07042","0"
"3273","PF07043","0"
"3274","PF07044","0"
"3275","PF07045","0"
"3276","PF07055","0"
"3277","PF07063","0"
"3278","PF07070","0"
"3279","PF07071","0"
"3280","PF07072","0"
"3281","PF07073","0"
"3282","PF07075","0"
"3283","PF07076","0"
"3284","PF07077","0"
"3285","PF07079","0"
"3286","PF07080","0"
"3287","PF07081","0"
"3288","PF07082","0"
"3289","PF07083","0"
"3290","PF07085","0"
"3291","PF07087","0"
"3292","PF07090","0"
"3293","PF07098","0"
"3294","PF07099","0"
"3295","PF07100","0"
"3296","PF07103","0"
"3297","PF07109","0"
"3298","PF07110","0"
"3299","PF07119","0"
"3300","PF07120","0"
"3301","PF07126","1"
"3302","PF07130","0"
"3303","PF07136","0"
"3304","PF07143","0"
"3305","PF07146","0"
"3306","PF07148","0"
"3307","PF07152","0"
"3308","PF07155","0"
"3309","PF07157","0"
"3310","PF07158","0"
"3311","PF07161","0"
"3312","PF07166","0"
"3313","PF07167","0"
"3314","PF07168","0"
"3315","PF07171","0"
"3316","PF07176","0"
"3317","PF07178","0"
"3318","PF07179","0"
"3319","PF07183","0"
"3320","PF07185","0"
"3321","PF07187","0"
"3322","PF07191","0"
"3323","PF07194","0"
"3324","PF07195","0"
"3325","PF07196","0"
"3326","PF07201","0"
"3327","PF07208","0"
"3328","PF07209","0"
"3329","PF07210","0"
"3330","PF07219","0"
"3331","PF07221","0"
"3332","PF07224","0"
"3333","PF07226","0"
"3334","PF07228","0"
"3335","PF07233","0"
"3336","PF07235","0"
"3337","PF07237","0"
"3338","PF07238","0"
"3339","PF07244","0"
"3340","PF07254","0"
"3341","PF07261","0"
"3342","PF07264","0"
"3343","PF07273","0"
"3344","PF07274","0"
"3345","PF07275","0"
"3346","PF07277","0"
"3347","PF07282","0"
"3348","PF07284","1"
"3349","PF07285","0"
"3350","PF07286","0"
"3351","PF07287","0"
"3352","PF07288","0"
"3353","PF07290","0"
"3354","PF07291","0"
"3355","PF07293","0"
"3356","PF07295","0"
"3357","PF07298","0"
"3358","PF07299","0"
"3359","PF07301","0"
"3360","PF07302","0"
"3361","PF07307","0"
"3362","PF07308","0"
"3363","PF07309","0"
"3364","PF07310","0"
"3365","PF07311","0"
"3366","PF07313","0"
"3367","PF07314","0"
"3368","PF07315","0"
"3369","PF07317","0"
"3370","PF07318","0"
"3371","PF07319","0"
"3372","PF07323","0"
"3373","PF07330","0"
"3374","PF07331","0"
"3375","PF07332","0"
"3376","PF07335","0"
"3377","PF07336","0"
"3378","PF07338","0"
"3379","PF07345","0"
"3380","PF07348","1"
"3381","PF07350","0"
"3382","PF07352","0"
"3383","PF07355","0"
"3384","PF07357","0"
"3385","PF07361","0"
"3386","PF07362","0"
"3387","PF07364","0"
"3388","PF07366","0"
"3389","PF07369","0"
"3390","PF07370","0"
"3391","PF07372","0"
"3392","PF07374","0"
"3393","PF07377","0"
"3394","PF07378","0"
"3395","PF07379","0"
"3396","PF07381","0"
"3397","PF07382","0"
"3398","PF07383","0"
"3399","PF07385","0"
"3400","PF07386","0"
"3401","PF07388","0"
"3402","PF07394","0"
"3403","PF07396","0"
"3404","PF07398","0"
"3405","PF07399","0"
"3406","PF07408","0"
"3407","PF07409","0"
"3408","PF07411","0"
"3409","PF07417","3"
"3410","PF07423","0"
"3411","PF07429","0"
"3412","PF07431","0"
"3413","PF07432","0"
"3414","PF07433","0"
"3415","PF07435","0"
"3416","PF07437","0"
"3417","PF07441","0"
"3418","PF07444","0"
"3419","PF07445","0"
"3420","PF07449","0"
"3421","PF07451","0"
"3422","PF07452","0"
"3423","PF07454","0"
"3424","PF07456","0"
"3425","PF07457","0"
"3426","PF07460","0"
"3427","PF07463","0"
"3428","PF07465","0"
"3429","PF07466","0"
"3430","PF07470","0"
"3431","PF07475","0"
"3432","PF07476","0"
"3433","PF07477","1"
"3434","PF07478","0"
"3435","PF07479","0"
"3436","PF07484","0"
"3437","PF07485","0"
"3438","PF07486","0"
"3439","PF07488","2"
"3440","PF07494","0"
"3441","PF07495","0"
"3442","PF07497","0"
"3443","PF07498","0"
"3444","PF07499","0"
"3445","PF07501","0"
"3446","PF07503","0"
"3447","PF07504","0"
"3448","PF07505","0"
"3449","PF07506","0"
"3450","PF07508","0"
"3451","PF07509","0"
"3452","PF07510","0"
"3453","PF07511","0"
"3454","PF07514","0"
"3455","PF07515","1"
"3456","PF07516","0"
"3457","PF07517","0"
"3458","PF07519","0"
"3459","PF07520","0"
"3460","PF07521","0"
"3461","PF07523","0"
"3462","PF07532","1"
"3463","PF07536","0"
"3464","PF07537","0"
"3465","PF07538","0"
"3466","PF07541","0"
"3467","PF07542","0"
"3468","PF07548","0"
"3469","PF07549","0"
"3470","PF07550","0"
"3471","PF07552","0"
"3472","PF07553","0"
"3473","PF07554","0"
"3474","PF07555","0"
"3475","PF07556","0"
"3476","PF07559","0"
"3477","PF07560","0"
"3478","PF07561","0"
"3479","PF07563","0"
"3480","PF07564","0"
"3481","PF07566","0"
"3482","PF07568","0"
"3483","PF07577","0"
"3484","PF07578","0"
"3485","PF07579","0"
"3486","PF07581","0"
"3487","PF07583","0"
"3488","PF07584","0"
"3489","PF07585","0"
"3490","PF07586","0"
"3491","PF07587","0"
"3492","PF07589","0"
"3493","PF07591","0"
"3494","PF07592","0"
"3495","PF07593","0"
"3496","PF07595","0"
"3497","PF07596","0"
"3498","PF07602","0"
"3499","PF07603","0"
"3500","PF07606","0"
"3501","PF07607","0"
"3502","PF07608","0"
"3503","PF07609","0"
"3504","PF07610","0"
"3505","PF07613","0"
"3506","PF07615","0"
"3507","PF07617","0"
"3508","PF07622","0"
"3509","PF07624","0"
"3510","PF07626","0"
"3511","PF07627","0"
"3512","PF07631","0"
"3513","PF07632","0"
"3514","PF07634","0"
"3515","PF07635","0"
"3516","PF07637","0"
"3517","PF07638","0"
"3518","PF07639","0"
"3519","PF07642","0"
"3520","PF07648","0"
"3521","PF07650","0"
"3522","PF07653","0"
"3523","PF07655","0"
"3524","PF07659","0"
"3525","PF07660","0"
"3526","PF07661","0"
"3527","PF07662","0"
"3528","PF07663","0"
"3529","PF07664","0"
"3530","PF07666","0"
"3531","PF07669","0"
"3532","PF07670","0"
"3533","PF07675","0"
"3534","PF07676","0"
"3535","PF07678","0"
"3536","PF07679","0"
"3537","PF07680","0"
"3538","PF07681","0"
"3539","PF07683","0"
"3540","PF07685","0"
"3541","PF07687","0"
"3542","PF07688","0"
"3543","PF07689","0"
"3544","PF07690","0"
"3545","PF07691","0"
"3546","PF07693","0"
"3547","PF07694","0"
"3548","PF07695","0"
"3549","PF07696","0"
"3550","PF07697","0"
"3551","PF07698","0"
"3552","PF07700","0"
"3553","PF07701","0"
"3554","PF07702","0"
"3555","PF07703","0"
"3556","PF07704","0"
"3557","PF07705","0"
"3558","PF07714","0"
"3559","PF07715","0"
"3560","PF07717","0"
"3561","PF07719","0"
"3562","PF07720","0"
"3563","PF07721","0"
"3564","PF07722","0"
"3565","PF07724","0"
"3566","PF07726","0"
"3567","PF07728","0"
"3568","PF07729","0"
"3569","PF07730","0"
"3570","PF07731","0"
"3571","PF07732","0"
"3572","PF07733","0"
"3573","PF07736","0"
"3574","PF07739","0"
"3575","PF07743","0"
"3576","PF07745","0"
"3577","PF07746","0"
"3578","PF07747","0"
"3579","PF07748","0"
"3580","PF07750","0"
"3581","PF07751","0"
"3582","PF07752","0"
"3583","PF07754","0"
"3584","PF07755","0"
"3585","PF07756","0"
"3586","PF07758","0"
"3587","PF07759","0"
"3588","PF07760","0"
"3589","PF07766","0"
"3590","PF07769","0"
"3591","PF07775","0"
"3592","PF07784","0"
"3593","PF07786","0"
"3594","PF07787","0"
"3595","PF07788","0"
"3596","PF07790","0"
"3597","PF07793","0"
"3598","PF07796","0"
"3599","PF07799","0"
"3600","PF07804","0"
"3601","PF07811","0"
"3602","PF07812","0"
"3603","PF07813","0"
"3604","PF07819","0"
"3605","PF07823","0"
"3606","PF07826","0"
"3607","PF07831","0"
"3608","PF07833","0"
"3609","PF07835","0"
"3610","PF07836","0"
"3611","PF07837","0"
"3612","PF07840","0"
"3613","PF07843","0"
"3614","PF07845","0"
"3615","PF07848","0"
"3616","PF07849","0"
"3617","PF07853","0"
"3618","PF07854","0"
"3619","PF07858","0"
"3620","PF07859","0"
"3621","PF07862","0"
"3622","PF07863","0"
"3623","PF07866","0"
"3624","PF07869","0"
"3625","PF07870","0"
"3626","PF07872","0"
"3627","PF07873","0"
"3628","PF07875","0"
"3629","PF07876","0"
"3630","PF07878","0"
"3631","PF07879","0"
"3632","PF07881","0"
"3633","PF07882","0"
"3634","PF07883","0"
"3635","PF07884","0"
"3636","PF07885","0"
"3637","PF07886","0"
"3638","PF07892","0"
"3639","PF07895","1"
"3640","PF07896","0"
"3641","PF07900","0"
"3642","PF07905","0"
"3643","PF07907","0"
"3644","PF07916","0"
"3645","PF07920","0"
"3646","PF07924","0"
"3647","PF07927","0"
"3648","PF07929","0"
"3649","PF07931","0"
"3650","PF07934","0"
"3651","PF07935","0"
"3652","PF07940","0"
"3653","PF07943","0"
"3654","PF07944","0"
"3655","PF07947","0"
"3656","PF07949","0"
"3657","PF07958","1"
"3658","PF07963","0"
"3659","PF07969","0"
"3660","PF07971","0"
"3661","PF07972","0"
"3662","PF07973","0"
"3663","PF07976","0"
"3664","PF07977","0"
"3665","PF07978","0"
"3666","PF07980","0"
"3667","PF07987","0"
"3668","PF07991","0"
"3669","PF07992","0"
"3670","PF07993","0"
"3671","PF07994","0"
"3672","PF07995","0"
"3673","PF07996","0"
"3674","PF07997","0"
"3675","PF07998","0"
"3676","PF08000","0"
"3677","PF08002","0"
"3678","PF08003","0"
"3679","PF08004","0"
"3680","PF08006","0"
"3681","PF08007","0"
"3682","PF08009","0"
"3683","PF08011","0"
"3684","PF08012","1"
"3685","PF08013","0"
"3686","PF08014","0"
"3687","PF08019","0"
"3688","PF08020","0"
"3689","PF08021","0"
"3690","PF08022","0"
"3691","PF08028","0"
"3692","PF08029","0"
"3693","PF08031","0"
"3694","PF08032","0"
"3695","PF08041","0"
"3696","PF08042","0"
"3697","PF08044","0"
"3698","PF08068","0"
"3699","PF08069","0"
"3700","PF08071","0"
"3701","PF08085","0"
"3702","PF08113","1"
"3703","PF08123","0"
"3704","PF08124","0"
"3705","PF08125","0"
"3706","PF08126","0"
"3707","PF08139","0"
"3708","PF08141","0"
"3709","PF08148","0"
"3710","PF08173","0"
"3711","PF08175","0"
"3712","PF08176","0"
"3713","PF08177","0"
"3714","PF08179","0"
"3715","PF08183","0"
"3716","PF08191","0"
"3717","PF08206","0"
"3718","PF08207","0"
"3719","PF08211","0"
"3720","PF08212","0"
"3721","PF08213","0"
"3722","PF08218","0"
"3723","PF08220","0"
"3724","PF08222","0"
"3725","PF08223","0"
"3726","PF08230","0"
"3727","PF08237","0"
"3728","PF08238","0"
"3729","PF08239","0"
"3730","PF08240","0"
"3731","PF08241","0"
"3732","PF08242","0"
"3733","PF08244","0"
"3734","PF08245","0"
"3735","PF08264","0"
"3736","PF08267","0"
"3737","PF08269","0"
"3738","PF08271","0"
"3739","PF08272","0"
"3740","PF08273","0"
"3741","PF08274","0"
"3742","PF08275","0"
"3743","PF08278","0"
"3744","PF08279","0"
"3745","PF08280","0"
"3746","PF08281","0"
"3747","PF08282","0"
"3748","PF08291","0"
"3749","PF08298","0"
"3750","PF08299","0"
"3751","PF08305","0"
"3752","PF08308","0"
"3753","PF08309","0"
"3754","PF08310","0"
"3755","PF08323","0"
"3756","PF08326","0"
"3757","PF08327","0"
"3758","PF08328","0"
"3759","PF08329","0"
"3760","PF08331","0"
"3761","PF08332","0"
"3762","PF08334","0"
"3763","PF08335","0"
"3764","PF08338","0"
"3765","PF08340","0"
"3766","PF08341","0"
"3767","PF08343","0"
"3768","PF08345","0"
"3769","PF08346","0"
"3770","PF08348","0"
"3771","PF08349","0"
"3772","PF08350","0"
"3773","PF08351","0"
"3774","PF08352","0"
"3775","PF08353","0"
"3776","PF08354","2"
"3777","PF08357","0"
"3778","PF08359","0"
"3779","PF08360","0"
"3780","PF08361","0"
"3781","PF08362","0"
"3782","PF08364","0"
"3783","PF08367","0"
"3784","PF08369","1"
"3785","PF08376","0"
"3786","PF08378","0"
"3787","PF08379","0"
"3788","PF08386","0"
"3789","PF08388","0"
"3790","PF08394","0"
"3791","PF08401","0"
"3792","PF08402","0"
"3793","PF08406","0"
"3794","PF08410","0"
"3795","PF08411","0"
"3796","PF08417","0"
"3797","PF08421","0"
"3798","PF08423","0"
"3799","PF08428","0"
"3800","PF08436","0"
"3801","PF08438","0"
"3802","PF08439","0"
"3803","PF08442","0"
"3804","PF08443","0"
"3805","PF08445","0"
"3806","PF08446","0"
"3807","PF08447","0"
"3808","PF08448","0"
"3809","PF08450","0"
"3810","PF08453","0"
"3811","PF08455","0"
"3812","PF08459","0"
"3813","PF08460","0"
"3814","PF08461","0"
"3815","PF08463","0"
"3816","PF08468","0"
"3817","PF08471","0"
"3818","PF08477","0"
"3819","PF08478","0"
"3820","PF08479","0"
"3821","PF08480","0"
"3822","PF08481","0"
"3823","PF08482","0"
"3824","PF08484","0"
"3825","PF08485","0"
"3826","PF08486","0"
"3827","PF08487","0"
"3828","PF08489","0"
"3829","PF08494","0"
"3830","PF08495","0"
"3831","PF08496","0"
"3832","PF08497","0"
"3833","PF08501","0"
"3834","PF08502","0"
"3835","PF08503","0"
"3836","PF08511","0"
"3837","PF08521","0"
"3838","PF08522","0"
"3839","PF08525","0"
"3840","PF08529","0"
"3841","PF08530","0"
"3842","PF08531","0"
"3843","PF08532","0"
"3844","PF08533","0"
"3845","PF08534","0"
"3846","PF08535","0"
"3847","PF08538","0"
"3848","PF08540","0"
"3849","PF08541","0"
"3850","PF08542","0"
"3851","PF08543","0"
"3852","PF08544","0"
"3853","PF08545","0"
"3854","PF08546","0"
"3855","PF08547","0"
"3856","PF08548","0"
"3857","PF08570","0"
"3858","PF08592","0"
"3859","PF08608","0"
"3860","PF08617","0"
"3861","PF08645","0"
"3862","PF08646","0"
"3863","PF08659","0"
"3864","PF08660","0"
"3865","PF08662","0"
"3866","PF08663","0"
"3867","PF08664","0"
"3868","PF08665","0"
"3869","PF08666","0"
"3870","PF08667","0"
"3871","PF08668","0"
"3872","PF08669","0"
"3873","PF08670","0"
"3874","PF08671","1"
"3875","PF08673","0"
"3876","PF08676","0"
"3877","PF08678","1"
"3878","PF08679","0"
"3879","PF08680","0"
"3880","PF08681","0"
"3881","PF08695","0"
"3882","PF08696","0"
"3883","PF08704","0"
"3884","PF08706","0"
"3885","PF08707","0"
"3886","PF08708","0"
"3887","PF08712","0"
"3888","PF08713","0"
"3889","PF08714","0"
"3890","PF08719","0"
"3891","PF08721","0"
"3892","PF08722","0"
"3893","PF08734","0"
"3894","PF08735","0"
"3895","PF08741","1"
"3896","PF08745","0"
"3897","PF08747","0"
"3898","PF08750","0"
"3899","PF08751","0"
"3900","PF08753","0"
"3901","PF08755","0"
"3902","PF08756","1"
"3903","PF08757","0"
"3904","PF08760","0"
"3905","PF08761","0"
"3906","PF08765","0"
"3907","PF08768","0"
"3908","PF08769","0"
"3909","PF08770","0"
"3910","PF08774","0"
"3911","PF08780","0"
"3912","PF08786","0"
"3913","PF08787","0"
"3914","PF08795","0"
"3915","PF08796","0"
"3916","PF08797","0"
"3917","PF08798","0"
"3918","PF08800","0"
"3919","PF08803","0"
"3920","PF08805","0"
"3921","PF08807","0"
"3922","PF08808","0"
"3923","PF08809","0"
"3924","PF08810","0"
"3925","PF08811","0"
"3926","PF08812","0"
"3927","PF08814","0"
"3928","PF08817","0"
"3929","PF08818","0"
"3930","PF08819","0"
"3931","PF08821","0"
"3932","PF08823","0"
"3933","PF08827","0"
"3934","PF08830","0"
"3935","PF08837","0"
"3936","PF08838","0"
"3937","PF08840","0"
"3938","PF08841","0"
"3939","PF08842","0"
"3940","PF08843","0"
"3941","PF08844","1"
"3942","PF08845","0"
"3943","PF08846","0"
"3944","PF08847","0"
"3945","PF08848","2"
"3946","PF08849","0"
"3947","PF08850","0"
"3948","PF08852","0"
"3949","PF08853","3"
"3950","PF08855","0"
"3951","PF08856","0"
"3952","PF08857","0"
"3953","PF08858","0"
"3954","PF08859","0"
"3955","PF08860","0"
"3956","PF08861","0"
"3957","PF08863","0"
"3958","PF08864","0"
"3959","PF08865","0"
"3960","PF08866","0"
"3961","PF08867","0"
"3962","PF08868","0"
"3963","PF08869","0"
"3964","PF08870","0"
"3965","PF08872","0"
"3966","PF08874","0"
"3967","PF08876","0"
"3968","PF08877","0"
"3969","PF08878","0"
"3970","PF08882","0"
"3971","PF08883","0"
"3972","PF08885","0"
"3973","PF08886","0"
"3974","PF08887","0"
"3975","PF08888","0"
"3976","PF08889","0"
"3977","PF08890","0"
"3978","PF08891","0"
"3979","PF08892","0"
"3980","PF08894","0"
"3981","PF08895","0"
"3982","PF08897","0"
"3983","PF08899","0"
"3984","PF08900","0"
"3985","PF08901","0"
"3986","PF08902","0"
"3987","PF08903","0"
"3988","PF08904","0"
"3989","PF08905","0"
"3990","PF08906","0"
"3991","PF08907","0"
"3992","PF08908","0"
"3993","PF08909","0"
"3994","PF08915","0"
"3995","PF08921","0"
"3996","PF08922","0"
"3997","PF08924","0"
"3998","PF08928","0"
"3999","PF08929","0"
"4000","PF08937","0"
"4001","PF08940","0"
"4002","PF08950","0"
"4003","PF08951","0"
"4004","PF08955","0"
"4005","PF08958","0"
"4006","PF08962","0"
"4007","PF08963","0"
"4008","PF08967","0"
"4009","PF08968","0"
"4010","PF08970","0"
"4011","PF08972","0"
"4012","PF08973","0"
"4013","PF08974","0"
"4014","PF08975","0"
"4015","PF08977","0"
"4016","PF08979","0"
"4017","PF08980","0"
"4018","PF08982","1"
"4019","PF08984","0"
"4020","PF08989","0"
"4021","PF08990","0"
"4022","PF09001","0"
"4023","PF09002","0"
"4024","PF09012","0"
"4025","PF09019","1"
"4026","PF09021","0"
"4027","PF09035","0"
"4028","PF09037","0"
"4029","PF09039","0"
"4030","PF09043","0"
"4031","PF09055","0"
"4032","PF09056","0"
"4033","PF09078","0"
"4034","PF09079","0"
"4035","PF09082","0"
"4036","PF09084","0"
"4037","PF09086","0"
"4038","PF09087","0"
"4039","PF09092","1"
"4040","PF09093","0"
"4041","PF09094","1"
"4042","PF09095","0"
"4043","PF09098","0"
"4044","PF09099","0"
"4045","PF09106","0"
"4046","PF09107","0"
"4047","PF09112","0"
"4048","PF09113","0"
"4049","PF09115","0"
"4050","PF09118","0"
"4051","PF09123","0"
"4052","PF09127","0"
"4053","PF09130","0"
"4054","PF09134","0"
"4055","PF09136","0"
"4056","PF09137","0"
"4057","PF09140","0"
"4058","PF09142","0"
"4059","PF09148","0"
"4060","PF09150","0"
"4061","PF09154","0"
"4062","PF09157","0"
"4063","PF09163","0"
"4064","PF09167","0"
"4065","PF09168","0"
"4066","PF09171","1"
"4067","PF09173","0"
"4068","PF09176","0"
"4069","PF09179","0"
"4070","PF09180","0"
"4071","PF09182","0"
"4072","PF09183","0"
"4073","PF09186","0"
"4074","PF09190","0"
"4075","PF09195","0"
"4076","PF09202","0"
"4077","PF09203","0"
"4078","PF09204","0"
"4079","PF09206","0"
"4080","PF09209","0"
"4081","PF09210","0"
"4082","PF09223","0"
"4083","PF09224","0"
"4084","PF09234","0"
"4085","PF09239","0"
"4086","PF09242","0"
"4087","PF09243","0"
"4088","PF09249","0"
"4089","PF09250","0"
"4090","PF09261","0"
"4091","PF09265","0"
"4092","PF09269","0"
"4093","PF09274","0"
"4094","PF09278","0"
"4095","PF09285","0"
"4096","PF09286","0"
"4097","PF09290","0"
"4098","PF09295","0"
"4099","PF09296","0"
"4100","PF09297","0"
"4101","PF09298","0"
"4102","PF09299","0"
"4103","PF09312","0"
"4104","PF09313","0"
"4105","PF09314","0"
"4106","PF09317","0"
"4107","PF09321","0"
"4108","PF09323","0"
"4109","PF09326","0"
"4110","PF09327","0"
"4111","PF09330","0"
"4112","PF09334","0"
"4113","PF09335","0"
"4114","PF09336","0"
"4115","PF09338","0"
"4116","PF09339","0"
"4117","PF09341","0"
"4118","PF09343","0"
"4119","PF09344","0"
"4120","PF09345","1"
"4121","PF09346","0"
"4122","PF09347","0"
"4123","PF09348","0"
"4124","PF09349","0"
"4125","PF09350","0"
"4126","PF09351","0"
"4127","PF09353","1"
"4128","PF09356","0"
"4129","PF09357","0"
"4130","PF09359","0"
"4131","PF09360","0"
"4132","PF09361","0"
"4133","PF09362","0"
"4134","PF09363","0"
"4135","PF09364","0"
"4136","PF09365","0"
"4137","PF09366","0"
"4138","PF09367","0"
"4139","PF09369","0"
"4140","PF09370","0"
"4141","PF09371","0"
"4142","PF09373","0"
"4143","PF09374","0"
"4144","PF09375","0"
"4145","PF09376","0"
"4146","PF09377","0"
"4147","PF09378","0"
"4148","PF09382","0"
"4149","PF09383","0"
"4150","PF09386","0"
"4151","PF09388","0"
"4152","PF09391","0"
"4153","PF09392","0"
"4154","PF09393","0"
"4155","PF09394","0"
"4156","PF09397","0"
"4157","PF09406","0"
"4158","PF09407","0"
"4159","PF09411","0"
"4160","PF09413","0"
"4161","PF09414","0"
"4162","PF09419","0"
"4163","PF09423","0"
"4164","PF09424","0"
"4165","PF09438","0"
"4166","PF09445","0"
"4167","PF09449","0"
"4168","PF09450","0"
"4169","PF09455","0"
"4170","PF09458","0"
"4171","PF09459","0"
"4172","PF09471","0"
"4173","PF09472","0"
"4174","PF09476","0"
"4175","PF09479","0"
"4176","PF09481","0"
"4177","PF09484","0"
"4178","PF09485","0"
"4179","PF09488","0"
"4180","PF09489","0"
"4181","PF09490","0"
"4182","PF09491","0"
"4183","PF09492","0"
"4184","PF09493","0"
"4185","PF09498","0"
"4186","PF09500","0"
"4187","PF09501","0"
"4188","PF09505","0"
"4189","PF09508","2"
"4190","PF09509","0"
"4191","PF09511","0"
"4192","PF09512","0"
"4193","PF09515","0"
"4194","PF09517","0"
"4195","PF09520","0"
"4196","PF09523","0"
"4197","PF09524","1"
"4198","PF09526","0"
"4199","PF09527","0"
"4200","PF09533","2"
"4201","PF09534","0"
"4202","PF09535","0"
"4203","PF09536","0"
"4204","PF09537","0"
"4205","PF09538","0"
"4206","PF09539","0"
"4207","PF09544","0"
"4208","PF09546","0"
"4209","PF09547","0"
"4210","PF09548","0"
"4211","PF09550","1"
"4212","PF09551","0"
"4213","PF09557","0"
"4214","PF09559","0"
"4215","PF09560","0"
"4216","PF09565","0"
"4217","PF09568","0"
"4218","PF09577","0"
"4219","PF09578","0"
"4220","PF09579","0"
"4221","PF09580","0"
"4222","PF09581","0"
"4223","PF09582","0"
"4224","PF09585","0"
"4225","PF09586","0"
"4226","PF09587","0"
"4227","PF09588","0"
"4228","PF09594","0"
"4229","PF09600","0"
"4230","PF09601","0"
"4231","PF09603","0"
"4232","PF09604","0"
"4233","PF09605","0"
"4234","PF09608","0"
"4235","PF09611","0"
"4236","PF09614","0"
"4237","PF09615","1"
"4238","PF09617","0"
"4239","PF09618","0"
"4240","PF09619","0"
"4241","PF09620","0"
"4242","PF09622","0"
"4243","PF09623","0"
"4244","PF09626","1"
"4245","PF09630","0"
"4246","PF09633","0"
"4247","PF09640","0"
"4248","PF09643","0"
"4249","PF09648","0"
"4250","PF09650","0"
"4251","PF09651","0"
"4252","PF09654","4"
"4253","PF09655","1"
"4254","PF09656","0"
"4255","PF09660","0"
"4256","PF09661","0"
"4257","PF09663","0"
"4258","PF09664","0"
"4259","PF09669","0"
"4260","PF09670","0"
"4261","PF09671","0"
"4262","PF09673","0"
"4263","PF09674","0"
"4264","PF09676","0"
"4265","PF09677","0"
"4266","PF09678","0"
"4267","PF09680","0"
"4268","PF09681","0"
"4269","PF09682","0"
"4270","PF09683","0"
"4271","PF09684","0"
"4272","PF09685","0"
"4273","PF09686","0"
"4274","PF09693","0"
"4275","PF09694","0"
"4276","PF09695","0"
"4277","PF09697","0"
"4278","PF09698","0"
"4279","PF09699","0"
"4280","PF09700","0"
"4281","PF09701","0"
"4282","PF09704","0"
"4283","PF09706","0"
"4284","PF09707","0"
"4285","PF09709","0"
"4286","PF09712","0"
"4287","PF09718","0"
"4288","PF09719","0"
"4289","PF09720","0"
"4290","PF09721","0"
"4291","PF09722","0"
"4292","PF09723","0"
"4293","PF09731","0"
"4294","PF09754","0"
"4295","PF09791","0"
"4296","PF09818","0"
"4297","PF09819","0"
"4298","PF09820","0"
"4299","PF09821","0"
"4300","PF09822","0"
"4301","PF09823","0"
"4302","PF09824","1"
"4303","PF09825","0"
"4304","PF09826","0"
"4305","PF09827","0"
"4306","PF09828","0"
"4307","PF09829","0"
"4308","PF09830","0"
"4309","PF09831","0"
"4310","PF09832","0"
"4311","PF09834","0"
"4312","PF09835","0"
"4313","PF09836","0"
"4314","PF09837","0"
"4315","PF09838","0"
"4316","PF09839","0"
"4317","PF09840","0"
"4318","PF09842","0"
"4319","PF09843","0"
"4320","PF09844","0"
"4321","PF09845","0"
"4322","PF09846","0"
"4323","PF09847","0"
"4324","PF09848","0"
"4325","PF09849","0"
"4326","PF09850","0"
"4327","PF09851","0"
"4328","PF09852","0"
"4329","PF09853","0"
"4330","PF09855","0"
"4331","PF09856","0"
"4332","PF09857","0"
"4333","PF09858","0"
"4334","PF09859","0"
"4335","PF09860","0"
"4336","PF09861","0"
"4337","PF09862","0"
"4338","PF09863","0"
"4339","PF09864","0"
"4340","PF09865","0"
"4341","PF09866","1"
"4342","PF09867","0"
"4343","PF09868","0"
"4344","PF09869","1"
"4345","PF09870","0"
"4346","PF09871","0"
"4347","PF09872","0"
"4348","PF09874","0"
"4349","PF09875","0"
"4350","PF09876","0"
"4351","PF09882","0"
"4352","PF09883","0"
"4353","PF09884","0"
"4354","PF09885","0"
"4355","PF09886","0"
"4356","PF09887","0"
"4357","PF09888","0"
"4358","PF09889","0"
"4359","PF09890","0"
"4360","PF09891","0"
"4361","PF09892","0"
"4362","PF09894","0"
"4363","PF09895","0"
"4364","PF09897","0"
"4365","PF09898","0"
"4366","PF09899","0"
"4367","PF09900","0"
"4368","PF09902","0"
"4369","PF09903","0"
"4370","PF09904","0"
"4371","PF09905","1"
"4372","PF09906","0"
"4373","PF09907","0"
"4374","PF09910","0"
"4375","PF09911","0"
"4376","PF09912","0"
"4377","PF09913","0"
"4378","PF09916","0"
"4379","PF09917","0"
"4380","PF09918","0"
"4381","PF09919","0"
"4382","PF09920","0"
"4383","PF09921","0"
"4384","PF09922","0"
"4385","PF09923","0"
"4386","PF09924","0"
"4387","PF09925","0"
"4388","PF09926","0"
"4389","PF09928","0"
"4390","PF09929","0"
"4391","PF09930","0"
"4392","PF09931","0"
"4393","PF09932","0"
"4394","PF09933","1"
"4395","PF09935","1"
"4396","PF09936","0"
"4397","PF09937","0"
"4398","PF09938","0"
"4399","PF09939","0"
"4400","PF09940","2"
"4401","PF09941","0"
"4402","PF09943","0"
"4403","PF09945","0"
"4404","PF09946","0"
"4405","PF09947","0"
"4406","PF09948","0"
"4407","PF09949","0"
"4408","PF09950","0"
"4409","PF09951","0"
"4410","PF09952","0"
"4411","PF09953","0"
"4412","PF09954","0"
"4413","PF09955","0"
"4414","PF09956","0"
"4415","PF09957","0"
"4416","PF09958","0"
"4417","PF09959","1"
"4418","PF09960","0"
"4419","PF09962","0"
"4420","PF09963","0"
"4421","PF09964","0"
"4422","PF09965","0"
"4423","PF09966","0"
"4424","PF09967","0"
"4425","PF09968","0"
"4426","PF09969","0"
"4427","PF09970","0"
"4428","PF09971","0"
"4429","PF09972","0"
"4430","PF09973","0"
"4431","PF09974","0"
"4432","PF09976","0"
"4433","PF09977","0"
"4434","PF09979","0"
"4435","PF09980","0"
"4436","PF09981","0"
"4437","PF09982","0"
"4438","PF09983","0"
"4439","PF09984","0"
"4440","PF09985","0"
"4441","PF09986","0"
"4442","PF09987","0"
"4443","PF09988","0"
"4444","PF09989","0"
"4445","PF09990","0"
"4446","PF09991","0"
"4447","PF09992","0"
"4448","PF09994","0"
"4449","PF09995","0"
"4450","PF09996","0"
"4451","PF09997","0"
"4452","PF09998","0"
"4453","PF09999","0"
"4454","PF10000","0"
"4455","PF10002","0"
"4456","PF10003","0"
"4457","PF10005","0"
"4458","PF10006","0"
"4459","PF10007","0"
"4460","PF10009","0"
"4461","PF10011","0"
"4462","PF10012","0"
"4463","PF10013","0"
"4464","PF10014","0"
"4465","PF10015","0"
"4466","PF10016","0"
"4467","PF10017","0"
"4468","PF10020","0"
"4469","PF10021","0"
"4470","PF10022","0"
"4471","PF10023","0"
"4472","PF10025","0"
"4473","PF10026","0"
"4474","PF10027","0"
"4475","PF10028","0"
"4476","PF10029","0"
"4477","PF10030","1"
"4478","PF10031","0"
"4479","PF10035","0"
"4480","PF10038","0"
"4481","PF10040","0"
"4482","PF10041","0"
"4483","PF10042","0"
"4484","PF10043","0"
"4485","PF10047","0"
"4486","PF10048","0"
"4487","PF10049","0"
"4488","PF10050","0"
"4489","PF10051","1"
"4490","PF10052","0"
"4491","PF10054","0"
"4492","PF10055","0"
"4493","PF10056","0"
"4494","PF10057","0"
"4495","PF10060","0"
"4496","PF10061","0"
"4497","PF10063","0"
"4498","PF10065","0"
"4499","PF10066","0"
"4500","PF10067","0"
"4501","PF10069","0"
"4502","PF10070","0"
"4503","PF10071","0"
"4504","PF10073","0"
"4505","PF10074","0"
"4506","PF10076","0"
"4507","PF10077","0"
"4508","PF10078","0"
"4509","PF10079","0"
"4510","PF10080","0"
"4511","PF10081","0"
"4512","PF10082","0"
"4513","PF10084","0"
"4514","PF10086","0"
"4515","PF10087","0"
"4516","PF10088","0"
"4517","PF10090","0"
"4518","PF10091","0"
"4519","PF10092","0"
"4520","PF10093","0"
"4521","PF10094","0"
"4522","PF10095","0"
"4523","PF10096","0"
"4524","PF10097","0"
"4525","PF10098","0"
"4526","PF10099","0"
"4527","PF10101","0"
"4528","PF10102","0"
"4529","PF10103","0"
"4530","PF10105","0"
"4531","PF10106","0"
"4532","PF10107","0"
"4533","PF10108","0"
"4534","PF10109","0"
"4535","PF10110","0"
"4536","PF10111","0"
"4537","PF10112","0"
"4538","PF10114","0"
"4539","PF10115","0"
"4540","PF10116","0"
"4541","PF10117","0"
"4542","PF10118","0"
"4543","PF10119","0"
"4544","PF10120","0"
"4545","PF10122","0"
"4546","PF10123","0"
"4547","PF10124","0"
"4548","PF10127","0"
"4549","PF10128","0"
"4550","PF10129","0"
"4551","PF10130","0"
"4552","PF10133","0"
"4553","PF10134","0"
"4554","PF10135","0"
"4555","PF10136","0"
"4556","PF10137","0"
"4557","PF10138","0"
"4558","PF10139","0"
"4559","PF10140","0"
"4560","PF10141","0"
"4561","PF10142","0"
"4562","PF10143","0"
"4563","PF10144","0"
"4564","PF10145","0"
"4565","PF10150","0"
"4566","PF10162","0"
"4567","PF10184","0"
"4568","PF10216","2"
"4569","PF10262","0"
"4570","PF10263","0"
"4571","PF10276","0"
"4572","PF10282","0"
"4573","PF10294","0"
"4574","PF10298","0"
"4575","PF10335","0"
"4576","PF10368","0"
"4577","PF10369","0"
"4578","PF10370","0"
"4579","PF10371","0"
"4580","PF10385","0"
"4581","PF10387","0"
"4582","PF10388","0"
"4583","PF10396","0"
"4584","PF10397","0"
"4585","PF10399","0"
"4586","PF10400","0"
"4587","PF10410","0"
"4588","PF10411","0"
"4589","PF10412","0"
"4590","PF10414","0"
"4591","PF10415","0"
"4592","PF10417","1"
"4593","PF10418","0"
"4594","PF10423","0"
"4595","PF10431","0"
"4596","PF10432","0"
"4597","PF10435","0"
"4598","PF10437","0"
"4599","PF10438","0"
"4600","PF10442","0"
"4601","PF10447","0"
"4602","PF10458","0"
"4603","PF10459","0"
"4604","PF10462","0"
"4605","PF10502","0"
"4606","PF10503","0"
"4607","PF10504","0"
"4608","PF10509","0"
"4609","PF10517","0"
"4610","PF10518","0"
"4611","PF10531","0"
"4612","PF10543","0"
"4613","PF10544","0"
"4614","PF10546","0"
"4615","PF10547","0"
"4616","PF10551","0"
"4617","PF10552","0"
"4618","PF10555","0"
"4619","PF10559","0"
"4620","PF10563","0"
"4621","PF10566","0"
"4622","PF10571","0"
"4623","PF10576","0"
"4624","PF10584","0"
"4625","PF10588","0"
"4626","PF10589","0"
"4627","PF10590","0"
"4628","PF10592","0"
"4629","PF10593","0"
"4630","PF10604","0"
"4631","PF10605","0"
"4632","PF10609","0"
"4633","PF10611","2"
"4634","PF10612","0"
"4635","PF10614","0"
"4636","PF10615","0"
"4637","PF10617","1"
"4638","PF10618","0"
"4639","PF10620","0"
"4640","PF10621","0"
"4641","PF10626","0"
"4642","PF10627","0"
"4643","PF10628","0"
"4644","PF10633","0"
"4645","PF10634","0"
"4646","PF10635","0"
"4647","PF10636","0"
"4648","PF10646","0"
"4649","PF10647","0"
"4650","PF10648","0"
"4651","PF10649","0"
"4652","PF10651","0"
"4653","PF10652","1"
"4654","PF10658","0"
"4655","PF10662","0"
"4656","PF10664","1"
"4657","PF10668","0"
"4658","PF10670","0"
"4659","PF10671","0"
"4660","PF10672","0"
"4661","PF10673","0"
"4662","PF10674","0"
"4663","PF10675","0"
"4664","PF10676","0"
"4665","PF10677","0"
"4666","PF10678","0"
"4667","PF10679","0"
"4668","PF10685","0"
"4669","PF10686","0"
"4670","PF10688","0"
"4671","PF10689","0"
"4672","PF10691","1"
"4673","PF10693","2"
"4674","PF10694","0"
"4675","PF10696","0"
"4676","PF10698","0"
"4677","PF10702","0"
"4678","PF10703","0"
"4679","PF10704","0"
"4680","PF10706","0"
"4681","PF10707","0"
"4682","PF10708","1"
"4683","PF10710","0"
"4684","PF10711","0"
"4685","PF10716","0"
"4686","PF10718","1"
"4687","PF10719","0"
"4688","PF10720","0"
"4689","PF10722","0"
"4690","PF10724","1"
"4691","PF10726","0"
"4692","PF10727","0"
"4693","PF10728","0"
"4694","PF10730","0"
"4695","PF10732","0"
"4696","PF10734","0"
"4697","PF10737","0"
"4698","PF10738","0"
"4699","PF10739","0"
"4700","PF10740","0"
"4701","PF10741","0"
"4702","PF10742","1"
"4703","PF10745","0"
"4704","PF10747","0"
"4705","PF10750","0"
"4706","PF10754","0"
"4707","PF10755","0"
"4708","PF10756","0"
"4709","PF10758","0"
"4710","PF10759","1"
"4711","PF10763","0"
"4712","PF10764","0"
"4713","PF10768","0"
"4714","PF10771","0"
"4715","PF10776","0"
"4716","PF10779","0"
"4717","PF10782","0"
"4718","PF10783","0"
"4719","PF10797","0"
"4720","PF10801","0"
"4721","PF10803","0"
"4722","PF10805","0"
"4723","PF10816","1"
"4724","PF10821","2"
"4725","PF10823","0"
"4726","PF10824","0"
"4727","PF10825","0"
"4728","PF10826","0"
"4729","PF10842","0"
"4730","PF10844","0"
"4731","PF10850","0"
"4732","PF10851","0"
"4733","PF10861","0"
"4734","PF10864","0"
"4735","PF10865","0"
"4736","PF10869","1"
"4737","PF10881","0"
"4738","PF10882","0"
"4739","PF10884","0"
"4740","PF10901","1"
"4741","PF10908","0"
"4742","PF10915","1"
"4743","PF10923","0"
"4744","PF10925","0"
"4745","PF10926","0"
"4746","PF10928","0"
"4747","PF10929","0"
"4748","PF10932","0"
"4749","PF10934","0"
"4750","PF10935","0"
"4751","PF10936","0"
"4752","PF10938","0"
"4753","PF10939","0"
"4754","PF10942","0"
"4755","PF10944","0"
"4756","PF10946","0"
"4757","PF10947","0"
"4758","PF10948","0"
"4759","PF10955","0"
"4760","PF10957","0"
"4761","PF10958","0"
"4762","PF10960","0"
"4763","PF10962","0"
"4764","PF10966","0"
"4765","PF10967","0"
"4766","PF10969","0"
"4767","PF10970","0"
"4768","PF10972","0"
"4769","PF10973","0"
"4770","PF10974","0"
"4771","PF10975","0"
"4772","PF10977","0"
"4773","PF10978","0"
"4774","PF10979","0"
"4775","PF10980","0"
"4776","PF10981","0"
"4777","PF10982","0"
"4778","PF10983","0"
"4779","PF10984","0"
"4780","PF10985","0"
"4781","PF10986","0"
"4782","PF10987","0"
"4783","PF10988","0"
"4784","PF10989","0"
"4785","PF10990","0"
"4786","PF10991","0"
"4787","PF10993","0"
"4788","PF10994","0"
"4789","PF10996","0"
"4790","PF10997","0"
"4791","PF10999","0"
"4792","PF11000","1"
"4793","PF11003","0"
"4794","PF11004","0"
"4795","PF11006","0"
"4796","PF11007","0"
"4797","PF11008","0"
"4798","PF11009","0"
"4799","PF11010","0"
"4800","PF11011","0"
"4801","PF11013","0"
"4802","PF11014","0"
"4803","PF11015","0"
"4804","PF11016","1"
"4805","PF11017","0"
"4806","PF11019","0"
"4807","PF11021","0"
"4808","PF11023","0"
"4809","PF11026","0"
"4810","PF11028","0"
"4811","PF11041","0"
"4812","PF11042","0"
"4813","PF11059","0"
"4814","PF11061","1"
"4815","PF11062","0"
"4816","PF11064","0"
"4817","PF11066","0"
"4818","PF11067","0"
"4819","PF11068","0"
"4820","PF11070","0"
"4821","PF11071","0"
"4822","PF11072","1"
"4823","PF11074","0"
"4824","PF11075","0"
"4825","PF11079","0"
"4826","PF11084","0"
"4827","PF11085","0"
"4828","PF11086","0"
"4829","PF11101","0"
"4830","PF11102","0"
"4831","PF11103","0"
"4832","PF11112","0"
"4833","PF11116","0"
"4834","PF11117","0"
"4835","PF11118","0"
"4836","PF11122","0"
"4837","PF11127","0"
"4838","PF11130","0"
"4839","PF11132","0"
"4840","PF11136","0"
"4841","PF11137","0"
"4842","PF11138","0"
"4843","PF11139","0"
"4844","PF11140","0"
"4845","PF11141","0"
"4846","PF11142","0"
"4847","PF11143","0"
"4848","PF11146","0"
"4849","PF11148","0"
"4850","PF11149","0"
"4851","PF11150","0"
"4852","PF11151","0"
"4853","PF11152","0"
"4854","PF11153","0"
"4855","PF11154","0"
"4856","PF11155","0"
"4857","PF11157","0"
"4858","PF11158","0"
"4859","PF11159","0"
"4860","PF11160","0"
"4861","PF11161","0"
"4862","PF11162","0"
"4863","PF11163","1"
"4864","PF11164","0"
"4865","PF11165","0"
"4866","PF11167","0"
"4867","PF11168","0"
"4868","PF11169","0"
"4869","PF11171","0"
"4870","PF11172","1"
"4871","PF11173","0"
"4872","PF11174","0"
"4873","PF11175","0"
"4874","PF11181","0"
"4875","PF11182","0"
"4876","PF11184","0"
"4877","PF11185","0"
"4878","PF11187","0"
"4879","PF11188","0"
"4880","PF11189","0"
"4881","PF11190","0"
"4882","PF11191","0"
"4883","PF11193","0"
"4884","PF11195","0"
"4885","PF11196","0"
"4886","PF11197","0"
"4887","PF11198","0"
"4888","PF11199","0"
"4889","PF11201","0"
"4890","PF11202","0"
"4891","PF11203","0"
"4892","PF11205","0"
"4893","PF11207","0"
"4894","PF11208","0"
"4895","PF11209","0"
"4896","PF11210","0"
"4897","PF11211","0"
"4898","PF11213","0"
"4899","PF11215","0"
"4900","PF11216","1"
"4901","PF11217","0"
"4902","PF11218","0"
"4903","PF11219","0"
"4904","PF11220","0"
"4905","PF11222","0"
"4906","PF11225","0"
"4907","PF11227","0"
"4908","PF11228","0"
"4909","PF11230","0"
"4910","PF11231","0"
"4911","PF11233","0"
"4912","PF11236","0"
"4913","PF11237","0"
"4914","PF11238","0"
"4915","PF11239","0"
"4916","PF11240","0"
"4917","PF11241","0"
"4918","PF11248","1"
"4919","PF11249","0"
"4920","PF11251","0"
"4921","PF11253","0"
"4922","PF11255","0"
"4923","PF11256","0"
"4924","PF11258","0"
"4925","PF11259","0"
"4926","PF11264","0"
"4927","PF11266","0"
"4928","PF11267","2"
"4929","PF11268","2"
"4930","PF11271","0"
"4931","PF11272","0"
"4932","PF11273","0"
"4933","PF11276","0"
"4934","PF11279","0"
"4935","PF11280","0"
"4936","PF11282","0"
"4937","PF11283","0"
"4938","PF11284","0"
"4939","PF11285","3"
"4940","PF11286","0"
"4941","PF11287","0"
"4942","PF11288","0"
"4943","PF11290","0"
"4944","PF11292","0"
"4945","PF11294","0"
"4946","PF11295","0"
"4947","PF11296","0"
"4948","PF11297","0"
"4949","PF11298","0"
"4950","PF11299","0"
"4951","PF11300","0"
"4952","PF11301","0"
"4953","PF11303","0"
"4954","PF11304","0"
"4955","PF11305","0"
"4956","PF11306","0"
"4957","PF11307","0"
"4958","PF11308","0"
"4959","PF11314","0"
"4960","PF11316","0"
"4961","PF11317","2"
"4962","PF11318","3"
"4963","PF11319","0"
"4964","PF11322","0"
"4965","PF11324","0"
"4966","PF11325","0"
"4967","PF11329","0"
"4968","PF11332","0"
"4969","PF11333","0"
"4970","PF11335","0"
"4971","PF11337","0"
"4972","PF11338","0"
"4973","PF11339","0"
"4974","PF11340","1"
"4975","PF11341","0"
"4976","PF11342","0"
"4977","PF11343","0"
"4978","PF11344","2"
"4979","PF11345","0"
"4980","PF11346","0"
"4981","PF11347","0"
"4982","PF11348","0"
"4983","PF11349","1"
"4984","PF11350","0"
"4985","PF11351","0"
"4986","PF11352","0"
"4987","PF11353","0"
"4988","PF11356","0"
"4989","PF11360","0"
"4990","PF11361","0"
"4991","PF11363","0"
"4992","PF11367","0"
"4993","PF11368","0"
"4994","PF11369","0"
"4995","PF11371","0"
"4996","PF11373","0"
"4997","PF11375","3"
"4998","PF11376","0"
"4999","PF11377","0"
"5000","PF11378","1"
"5001","PF11380","0"
"5002","PF11381","0"
"5003","PF11382","0"
"5004","PF11383","0"
"5005","PF11385","0"
"5006","PF11387","0"
"5007","PF11390","1"
"5008","PF11391","0"
"5009","PF11392","0"
"5010","PF11393","0"
"5011","PF11396","0"
"5012","PF11397","0"
"5013","PF11398","0"
"5014","PF11399","0"
"5015","PF11412","0"
"5016","PF11419","0"
"5017","PF11431","0"
"5018","PF11444","0"
"5019","PF11445","0"
"5020","PF11446","0"
"5021","PF11449","0"
"5022","PF11450","0"
"5023","PF11452","0"
"5024","PF11453","0"
"5025","PF11454","1"
"5026","PF11455","0"
"5027","PF11456","0"
"5028","PF11457","0"
"5029","PF11459","0"
"5030","PF11460","1"
"5031","PF11469","0"
"5032","PF11483","0"
"5033","PF11485","0"
"5034","PF11490","0"
"5035","PF11495","0"
"5036","PF11512","1"
"5037","PF11518","0"
"5038","PF11520","0"
"5039","PF11528","0"
"5040","PF11533","0"
"5041","PF11534","0"
"5042","PF11535","0"
"5043","PF11536","0"
"5044","PF11551","0"
"5045","PF11553","0"
"5046","PF11563","0"
"5047","PF11574","0"
"5048","PF11575","0"
"5049","PF11578","0"
"5050","PF11580","0"
"5051","PF11582","0"
"5052","PF11583","0"
"5053","PF11588","1"
"5054","PF11604","0"
"5055","PF11611","0"
"5056","PF11612","0"
"5057","PF11614","0"
"5058","PF11617","0"
"5059","PF11623","1"
"5060","PF11625","0"
"5061","PF11638","0"
"5062","PF11645","0"
"5063","PF11651","0"
"5064","PF11655","0"
"5065","PF11659","0"
"5066","PF11660","0"
"5067","PF11661","0"
"5068","PF11662","0"
"5069","PF11663","0"
"5070","PF11665","1"
"5071","PF11666","0"
"5072","PF11667","0"
"5073","PF11679","0"
"5074","PF11680","0"
"5075","PF11683","0"
"5076","PF11684","0"
"5077","PF11687","0"
"5078","PF11688","0"
"5079","PF11691","0"
"5080","PF11692","0"
"5081","PF11694","0"
"5082","PF11695","0"
"5083","PF11697","0"
"5084","PF11700","0"
"5085","PF11706","0"
"5086","PF11716","0"
"5087","PF11720","0"
"5088","PF11721","0"
"5089","PF11724","0"
"5090","PF11726","0"
"5091","PF11728","0"
"5092","PF11730","1"
"5093","PF11731","0"
"5094","PF11734","0"
"5095","PF11736","0"
"5096","PF11737","0"
"5097","PF11738","0"
"5098","PF11739","0"
"5099","PF11740","0"
"5100","PF11741","0"
"5101","PF11742","0"
"5102","PF11743","0"
"5103","PF11745","0"
"5104","PF11746","0"
"5105","PF11747","0"
"5106","PF11748","0"
"5107","PF11749","0"
"5108","PF11750","0"
"5109","PF11751","0"
"5110","PF11752","0"
"5111","PF11753","0"
"5112","PF11755","0"
"5113","PF11756","0"
"5114","PF11760","0"
"5115","PF11761","0"
"5116","PF11762","0"
"5117","PF11769","0"
"5118","PF11772","0"
"5119","PF11774","0"
"5120","PF11775","0"
"5121","PF11776","0"
"5122","PF11777","0"
"5123","PF11780","0"
"5124","PF11783","0"
"5125","PF11784","0"
"5126","PF11790","0"
"5127","PF11791","0"
"5128","PF11794","0"
"5129","PF11795","0"
"5130","PF11796","0"
"5131","PF11797","0"
"5132","PF11798","0"
"5133","PF11799","0"
"5134","PF11800","0"
"5135","PF11804","0"
"5136","PF11805","0"
"5137","PF11806","0"
"5138","PF11808","0"
"5139","PF11810","0"
"5140","PF11812","0"
"5141","PF11813","0"
"5142","PF11814","0"
"5143","PF11815","1"
"5144","PF11818","0"
"5145","PF11821","0"
"5146","PF11823","0"
"5147","PF11824","0"
"5148","PF11827","0"
"5149","PF11828","0"
"5150","PF11829","0"
"5151","PF11832","0"
"5152","PF11833","0"
"5153","PF11836","0"
"5154","PF11838","0"
"5155","PF11839","0"
"5156","PF11840","0"
"5157","PF11842","0"
"5158","PF11843","0"
"5159","PF11844","0"
"5160","PF11845","0"
"5161","PF11846","0"
"5162","PF11847","0"
"5163","PF11848","0"
"5164","PF11849","0"
"5165","PF11850","0"
"5166","PF11852","0"
"5167","PF11853","0"
"5168","PF11854","0"
"5169","PF11855","0"
"5170","PF11856","0"
"5171","PF11858","0"
"5172","PF11859","0"
"5173","PF11860","0"
"5174","PF11862","0"
"5175","PF11863","0"
"5176","PF11866","0"
"5177","PF11867","0"
"5178","PF11868","1"
"5179","PF11870","1"
"5180","PF11871","0"
"5181","PF11872","0"
"5182","PF11873","0"
"5183","PF11874","0"
"5184","PF11876","0"
"5185","PF11877","0"
"5186","PF11880","1"
"5187","PF11887","0"
"5188","PF11888","0"
"5189","PF11890","0"
"5190","PF11892","0"
"5191","PF11893","0"
"5192","PF11896","0"
"5193","PF11897","0"
"5194","PF11898","0"
"5195","PF11899","0"
"5196","PF11902","0"
"5197","PF11903","0"
"5198","PF11906","0"
"5199","PF11907","0"
"5200","PF11909","1"
"5201","PF11910","1"
"5202","PF11911","0"
"5203","PF11918","0"
"5204","PF11920","0"
"5205","PF11922","0"
"5206","PF11924","0"
"5207","PF11927","0"
"5208","PF11932","0"
"5209","PF11937","0"
"5210","PF11939","0"
"5211","PF11940","0"
"5212","PF11941","0"
"5213","PF11943","1"
"5214","PF11944","0"
"5215","PF11946","0"
"5216","PF11947","1"
"5217","PF11948","0"
"5218","PF11949","0"
"5219","PF11950","0"
"5220","PF11953","0"
"5221","PF11954","0"
"5222","PF11958","0"
"5223","PF11959","0"
"5224","PF11964","0"
"5225","PF11965","0"
"5226","PF11967","0"
"5227","PF11969","0"
"5228","PF11972","0"
"5229","PF11973","0"
"5230","PF11974","0"
"5231","PF11975","0"
"5232","PF11977","0"
"5233","PF11981","0"
"5234","PF11982","1"
"5235","PF11984","0"
"5236","PF11985","0"
"5237","PF11987","0"
"5238","PF11990","0"
"5239","PF11992","0"
"5240","PF11993","0"
"5241","PF11994","1"
"5242","PF11996","0"
"5243","PF11997","0"
"5244","PF11998","0"
"5245","PF11999","0"
"5246","PF12000","0"
"5247","PF12002","0"
"5248","PF12005","1"
"5249","PF12006","0"
"5250","PF12007","0"
"5251","PF12008","0"
"5252","PF12010","0"
"5253","PF12019","0"
"5254","PF12028","0"
"5255","PF12029","0"
"5256","PF12034","0"
"5257","PF12038","0"
"5258","PF12040","0"
"5259","PF12046","0"
"5260","PF12048","0"
"5261","PF12049","4"
"5262","PF12051","0"
"5263","PF12055","0"
"5264","PF12058","0"
"5265","PF12059","0"
"5266","PF12060","0"
"5267","PF12065","1"
"5268","PF12069","2"
"5269","PF12071","0"
"5270","PF12072","0"
"5271","PF12073","0"
"5272","PF12077","1"
"5273","PF12079","0"
"5274","PF12080","0"
"5275","PF12081","0"
"5276","PF12083","0"
"5277","PF12088","1"
"5278","PF12089","0"
"5279","PF12091","0"
"5280","PF12092","0"
"5281","PF12094","0"
"5282","PF12095","1"
"5283","PF12096","0"
"5284","PF12098","0"
"5285","PF12099","0"
"5286","PF12100","0"
"5287","PF12101","0"
"5288","PF12102","0"
"5289","PF12105","0"
"5290","PF12112","0"
"5291","PF12116","0"
"5292","PF12118","0"
"5293","PF12119","0"
"5294","PF12120","0"
"5295","PF12122","0"
"5296","PF12127","0"
"5297","PF12128","0"
"5298","PF12137","0"
"5299","PF12138","0"
"5300","PF12139","1"
"5301","PF12146","0"
"5302","PF12147","0"
"5303","PF12156","0"
"5304","PF12158","0"
"5305","PF12159","0"
"5306","PF12161","0"
"5307","PF12164","0"
"5308","PF12167","0"
"5309","PF12169","0"
"5310","PF12170","0"
"5311","PF12172","0"
"5312","PF12176","0"
"5313","PF12186","0"
"5314","PF12200","0"
"5315","PF12204","0"
"5316","PF12215","0"
"5317","PF12221","0"
"5318","PF12222","0"
"5319","PF12224","0"
"5320","PF12225","0"
"5321","PF12227","2"
"5322","PF12228","0"
"5323","PF12229","0"
"5324","PF12236","0"
"5325","PF12241","1"
"5326","PF12242","0"
"5327","PF12244","0"
"5328","PF12245","0"
"5329","PF12249","0"
"5330","PF12250","0"
"5331","PF12255","0"
"5332","PF12256","0"
"5333","PF12261","0"
"5334","PF12262","0"
"5335","PF12263","0"
"5336","PF12270","0"
"5337","PF12275","0"
"5338","PF12276","0"
"5339","PF12277","0"
"5340","PF12279","0"
"5341","PF12281","0"
"5342","PF12282","0"
"5343","PF12288","0"
"5344","PF12290","0"
"5345","PF12291","1"
"5346","PF12293","0"
"5347","PF12294","0"
"5348","PF12305","0"
"5349","PF12307","0"
"5350","PF12318","0"
"5351","PF12320","0"
"5352","PF12321","0"
"5353","PF12323","0"
"5354","PF12327","0"
"5355","PF12339","0"
"5356","PF12344","0"
"5357","PF12345","0"
"5358","PF12358","0"
"5359","PF12362","0"
"5360","PF12367","0"
"5361","PF12368","0"
"5362","PF12385","0"
"5363","PF12388","0"
"5364","PF12389","0"
"5365","PF12390","0"
"5366","PF12391","0"
"5367","PF12392","0"
"5368","PF12395","0"
"5369","PF12399","0"
"5370","PF12401","0"
"5371","PF12404","0"
"5372","PF12408","0"
"5373","PF12411","1"
"5374","PF12412","0"
"5375","PF12418","0"
"5376","PF12419","0"
"5377","PF12434","0"
"5378","PF12437","2"
"5379","PF12438","0"
"5380","PF12439","0"
"5381","PF12441","0"
"5382","PF12447","0"
"5383","PF12450","0"
"5384","PF12452","0"
"5385","PF12458","0"
"5386","PF12459","0"
"5387","PF12462","0"
"5388","PF12464","0"
"5389","PF12469","0"
"5390","PF12471","3"
"5391","PF12476","0"
"5392","PF12483","0"
"5393","PF12484","1"
"5394","PF12487","0"
"5395","PF12500","0"
"5396","PF12501","0"
"5397","PF12502","1"
"5398","PF12508","0"
"5399","PF12513","0"
"5400","PF12514","0"
"5401","PF12525","0"
"5402","PF12527","0"
"5403","PF12531","0"
"5404","PF12532","0"
"5405","PF12535","0"
"5406","PF12536","0"
"5407","PF12541","0"
"5408","PF12544","0"
"5409","PF12545","0"
"5410","PF12551","0"
"5411","PF12553","0"
"5412","PF12555","0"
"5413","PF12556","0"
"5414","PF12557","0"
"5415","PF12558","0"
"5416","PF12559","0"
"5417","PF12564","0"
"5418","PF12565","1"
"5419","PF12566","0"
"5420","PF12568","0"
"5421","PF12570","0"
"5422","PF12571","0"
"5423","PF12573","0"
"5424","PF12587","0"
"5425","PF12599","0"
"5426","PF12600","0"
"5427","PF12607","0"
"5428","PF12611","0"
"5429","PF12616","0"
"5430","PF12617","0"
"5431","PF12623","0"
"5432","PF12625","0"
"5433","PF12626","0"
"5434","PF12627","0"
"5435","PF12631","0"
"5436","PF12633","1"
"5437","PF12636","0"
"5438","PF12637","0"
"5439","PF12638","0"
"5440","PF12639","1"
"5441","PF12640","0"
"5442","PF12641","0"
"5443","PF12642","0"
"5444","PF12643","0"
"5445","PF12644","0"
"5446","PF12645","0"
"5447","PF12646","0"
"5448","PF12647","0"
"5449","PF12648","0"
"5450","PF12650","0"
"5451","PF12651","0"
"5452","PF12652","0"
"5453","PF12654","0"
"5454","PF12655","0"
"5455","PF12663","0"
"5456","PF12666","0"
"5457","PF12667","0"
"5458","PF12668","0"
"5459","PF12669","0"
"5460","PF12670","0"
"5461","PF12671","0"
"5462","PF12672","1"
"5463","PF12673","0"
"5464","PF12674","0"
"5465","PF12675","0"
"5466","PF12679","0"
"5467","PF12680","0"
"5468","PF12681","0"
"5469","PF12682","0"
"5470","PF12684","0"
"5471","PF12685","0"
"5472","PF12686","0"
"5473","PF12687","0"
"5474","PF12688","0"
"5475","PF12689","0"
"5476","PF12690","0"
"5477","PF12691","0"
"5478","PF12692","0"
"5479","PF12693","0"
"5480","PF12694","0"
"5481","PF12695","0"
"5482","PF12696","0"
"5483","PF12697","0"
"5484","PF12698","0"
"5485","PF12700","0"
"5486","PF12702","1"
"5487","PF12704","0"
"5488","PF12705","0"
"5489","PF12706","0"
"5490","PF12708","0"
"5491","PF12710","0"
"5492","PF12713","0"
"5493","PF12715","0"
"5494","PF12724","0"
"5495","PF12725","0"
"5496","PF12727","0"
"5497","PF12728","0"
"5498","PF12729","0"
"5499","PF12730","0"
"5500","PF12732","0"
"5501","PF12733","0"
"5502","PF12740","0"
"5503","PF12741","0"
"5504","PF12746","0"
"5505","PF12750","0"
"5506","PF12758","0"
"5507","PF12759","0"
"5508","PF12760","0"
"5509","PF12762","0"
"5510","PF12766","0"
"5511","PF12769","0"
"5512","PF12770","0"
"5513","PF12771","0"
"5514","PF12773","0"
"5515","PF12779","0"
"5516","PF12784","0"
"5517","PF12787","0"
"5518","PF12788","0"
"5519","PF12789","0"
"5520","PF12790","0"
"5521","PF12791","0"
"5522","PF12792","0"
"5523","PF12793","0"
"5524","PF12794","0"
"5525","PF12795","0"
"5526","PF12796","0"
"5527","PF12798","0"
"5528","PF12799","0"
"5529","PF12800","0"
"5530","PF12801","0"
"5531","PF12802","0"
"5532","PF12804","0"
"5533","PF12805","0"
"5534","PF12806","0"
"5535","PF12810","0"
"5536","PF12811","0"
"5537","PF12821","0"
"5538","PF12822","0"
"5539","PF12823","0"
"5540","PF12826","0"
"5541","PF12831","0"
"5542","PF12832","0"
"5543","PF12833","0"
"5544","PF12834","0"
"5545","PF12835","0"
"5546","PF12836","0"
"5547","PF12837","0"
"5548","PF12838","0"
"5549","PF12840","0"
"5550","PF12841","0"
"5551","PF12843","0"
"5552","PF12844","0"
"5553","PF12846","0"
"5554","PF12847","0"
"5555","PF12848","0"
"5556","PF12849","0"
"5557","PF12850","0"
"5558","PF12852","0"
"5559","PF12857","0"
"5560","PF12860","0"
"5561","PF12862","0"
"5562","PF12864","0"
"5563","PF12866","0"
"5564","PF12867","0"
"5565","PF12869","0"
"5566","PF12870","0"
"5567","PF12872","0"
"5568","PF12875","0"
"5569","PF12883","0"
"5570","PF12889","0"
"5571","PF12891","1"
"5572","PF12892","0"
"5573","PF12893","0"
"5574","PF12894","0"
"5575","PF12895","0"
"5576","PF12897","0"
"5577","PF12899","0"
"5578","PF12900","0"
"5579","PF12902","0"
"5580","PF12903","0"
"5581","PF12904","0"
"5582","PF12905","0"
"5583","PF12911","0"
"5584","PF12912","0"
"5585","PF12913","0"
"5586","PF12914","0"
"5587","PF12915","1"
"5588","PF12917","0"
"5589","PF12918","0"
"5590","PF12919","0"
"5591","PF12937","0"
"5592","PF12945","0"
"5593","PF12950","0"
"5594","PF12951","0"
"5595","PF12952","0"
"5596","PF12953","0"
"5597","PF12957","0"
"5598","PF12958","0"
"5599","PF12961","0"
"5600","PF12964","0"
"5601","PF12965","0"
"5602","PF12966","0"
"5603","PF12969","0"
"5604","PF12970","0"
"5605","PF12971","0"
"5606","PF12972","0"
"5607","PF12973","0"
"5608","PF12974","0"
"5609","PF12975","1"
"5610","PF12977","0"
"5611","PF12978","0"
"5612","PF12982","0"
"5613","PF12984","0"
"5614","PF12986","0"
"5615","PF12987","0"
"5616","PF12988","0"
"5617","PF12991","0"
"5618","PF12996","0"
"5619","PF13000","0"
"5620","PF13004","0"
"5621","PF13005","0"
"5622","PF13006","0"
"5623","PF13007","0"
"5624","PF13011","0"
"5625","PF13018","0"
"5626","PF13020","0"
"5627","PF13021","0"
"5628","PF13022","0"
"5629","PF13023","0"
"5630","PF13025","0"
"5631","PF13026","0"
"5632","PF13027","0"
"5633","PF13028","0"
"5634","PF13030","0"
"5635","PF13031","0"
"5636","PF13032","0"
"5637","PF13036","0"
"5638","PF13037","0"
"5639","PF13038","0"
"5640","PF13039","0"
"5641","PF13040","0"
"5642","PF13047","0"
"5643","PF13072","0"
"5644","PF13076","0"
"5645","PF13083","0"
"5646","PF13084","0"
"5647","PF13085","0"
"5648","PF13086","0"
"5649","PF13087","0"
"5650","PF13088","0"
"5651","PF13089","0"
"5652","PF13090","0"
"5653","PF13091","0"
"5654","PF13098","0"
"5655","PF13100","0"
"5656","PF13101","0"
"5657","PF13102","0"
"5658","PF13103","0"
"5659","PF13109","0"
"5660","PF13111","0"
"5661","PF13115","0"
"5662","PF13116","0"
"5663","PF13127","0"
"5664","PF13129","0"
"5665","PF13144","0"
"5666","PF13145","0"
"5667","PF13146","0"
"5668","PF13148","0"
"5669","PF13149","0"
"5670","PF13151","0"
"5671","PF13154","0"
"5672","PF13155","0"
"5673","PF13156","0"
"5674","PF13157","0"
"5675","PF13160","0"
"5676","PF13163","0"
"5677","PF13165","0"
"5678","PF13166","0"
"5679","PF13167","0"
"5680","PF13170","0"
"5681","PF13171","0"
"5682","PF13173","0"
"5683","PF13174","0"
"5684","PF13175","0"
"5685","PF13176","0"
"5686","PF13177","0"
"5687","PF13180","0"
"5688","PF13181","0"
"5689","PF13182","0"
"5690","PF13183","0"
"5691","PF13184","0"
"5692","PF13185","0"
"5693","PF13186","0"
"5694","PF13187","0"
"5695","PF13188","0"
"5696","PF13189","0"
"5697","PF13190","0"
"5698","PF13191","0"
"5699","PF13192","0"
"5700","PF13193","0"
"5701","PF13194","0"
"5702","PF13195","0"
"5703","PF13196","0"
"5704","PF13197","0"
"5705","PF13199","0"
"5706","PF13200","0"
"5707","PF13201","0"
"5708","PF13202","0"
"5709","PF13203","0"
"5710","PF13204","0"
"5711","PF13205","0"
"5712","PF13207","0"
"5713","PF13208","0"
"5714","PF13211","0"
"5715","PF13215","0"
"5716","PF13217","0"
"5717","PF13223","0"
"5718","PF13224","0"
"5719","PF13226","0"
"5720","PF13228","0"
"5721","PF13229","0"
"5722","PF13230","0"
"5723","PF13231","0"
"5724","PF13234","0"
"5725","PF13237","0"
"5726","PF13238","0"
"5727","PF13239","0"
"5728","PF13240","0"
"5729","PF13241","0"
"5730","PF13242","0"
"5731","PF13243","0"
"5732","PF13244","0"
"5733","PF13245","0"
"5734","PF13246","0"
"5735","PF13247","0"
"5736","PF13248","0"
"5737","PF13249","0"
"5738","PF13250","0"
"5739","PF13252","0"
"5740","PF13253","0"
"5741","PF13262","0"
"5742","PF13263","0"
"5743","PF13267","0"
"5744","PF13271","0"
"5745","PF13273","0"
"5746","PF13274","0"
"5747","PF13275","0"
"5748","PF13276","0"
"5749","PF13277","0"
"5750","PF13279","0"
"5751","PF13280","0"
"5752","PF13282","0"
"5753","PF13286","0"
"5754","PF13287","0"
"5755","PF13288","0"
"5756","PF13289","0"
"5757","PF13290","0"
"5758","PF13291","0"
"5759","PF13292","0"
"5760","PF13296","0"
"5761","PF13298","0"
"5762","PF13301","0"
"5763","PF13302","0"
"5764","PF13303","0"
"5765","PF13304","0"
"5766","PF13305","0"
"5767","PF13306","0"
"5768","PF13307","0"
"5769","PF13308","0"
"5770","PF13309","0"
"5771","PF13310","0"
"5772","PF13311","0"
"5773","PF13312","0"
"5774","PF13313","0"
"5775","PF13318","0"
"5776","PF13320","0"
"5777","PF13326","0"
"5778","PF13328","0"
"5779","PF13331","0"
"5780","PF13332","0"
"5781","PF13333","0"
"5782","PF13335","0"
"5783","PF13336","0"
"5784","PF13337","0"
"5785","PF13338","0"
"5786","PF13340","0"
"5787","PF13342","0"
"5788","PF13343","0"
"5789","PF13344","0"
"5790","PF13346","0"
"5791","PF13347","0"
"5792","PF13349","0"
"5793","PF13350","0"
"5794","PF13351","0"
"5795","PF13353","0"
"5796","PF13354","0"
"5797","PF13355","0"
"5798","PF13356","0"
"5799","PF13358","0"
"5800","PF13359","0"
"5801","PF13360","0"
"5802","PF13361","0"
"5803","PF13362","0"
"5804","PF13364","0"
"5805","PF13365","0"
"5806","PF13366","0"
"5807","PF13367","0"
"5808","PF13368","0"
"5809","PF13369","0"
"5810","PF13370","0"
"5811","PF13371","0"
"5812","PF13372","0"
"5813","PF13374","0"
"5814","PF13375","0"
"5815","PF13376","0"
"5816","PF13377","0"
"5817","PF13378","0"
"5818","PF13379","0"
"5819","PF13380","0"
"5820","PF13382","0"
"5821","PF13384","0"
"5822","PF13385","0"
"5823","PF13386","0"
"5824","PF13387","0"
"5825","PF13391","0"
"5826","PF13392","0"
"5827","PF13393","0"
"5828","PF13395","0"
"5829","PF13396","0"
"5830","PF13397","0"
"5831","PF13398","0"
"5832","PF13399","0"
"5833","PF13400","0"
"5834","PF13401","0"
"5835","PF13402","0"
"5836","PF13403","0"
"5837","PF13404","0"
"5838","PF13406","0"
"5839","PF13407","0"
"5840","PF13408","0"
"5841","PF13409","0"
"5842","PF13410","0"
"5843","PF13411","0"
"5844","PF13412","0"
"5845","PF13413","0"
"5846","PF13414","0"
"5847","PF13415","0"
"5848","PF13416","0"
"5849","PF13417","0"
"5850","PF13418","0"
"5851","PF13419","0"
"5852","PF13420","0"
"5853","PF13421","0"
"5854","PF13424","0"
"5855","PF13425","0"
"5856","PF13426","0"
"5857","PF13427","0"
"5858","PF13428","0"
"5859","PF13429","0"
"5860","PF13430","0"
"5861","PF13431","0"
"5862","PF13432","0"
"5863","PF13433","0"
"5864","PF13434","0"
"5865","PF13435","0"
"5866","PF13436","0"
"5867","PF13437","0"
"5868","PF13438","0"
"5869","PF13439","0"
"5870","PF13440","0"
"5871","PF13441","0"
"5872","PF13442","0"
"5873","PF13443","0"
"5874","PF13444","0"
"5875","PF13447","0"
"5876","PF13448","0"
"5877","PF13449","0"
"5878","PF13450","0"
"5879","PF13451","0"
"5880","PF13452","0"
"5881","PF13453","0"
"5882","PF13454","0"
"5883","PF13455","0"
"5884","PF13456","0"
"5885","PF13457","0"
"5886","PF13458","0"
"5887","PF13459","0"
"5888","PF13460","0"
"5889","PF13462","0"
"5890","PF13463","0"
"5891","PF13464","0"
"5892","PF13466","0"
"5893","PF13467","0"
"5894","PF13468","0"
"5895","PF13469","0"
"5896","PF13470","0"
"5897","PF13471","0"
"5898","PF13472","0"
"5899","PF13473","0"
"5900","PF13474","0"
"5901","PF13475","0"
"5902","PF13476","0"
"5903","PF13477","0"
"5904","PF13478","0"
"5905","PF13479","0"
"5906","PF13480","0"
"5907","PF13481","0"
"5908","PF13482","0"
"5909","PF13483","0"
"5910","PF13484","0"
"5911","PF13485","0"
"5912","PF13486","0"
"5913","PF13487","0"
"5914","PF13488","0"
"5915","PF13489","0"
"5916","PF13490","0"
"5917","PF13491","0"
"5918","PF13492","0"
"5919","PF13493","0"
"5920","PF13495","0"
"5921","PF13499","0"
"5922","PF13500","0"
"5923","PF13501","0"
"5924","PF13502","0"
"5925","PF13503","0"
"5926","PF13505","0"
"5927","PF13506","0"
"5928","PF13507","0"
"5929","PF13508","0"
"5930","PF13509","0"
"5931","PF13510","0"
"5932","PF13511","0"
"5933","PF13514","0"
"5934","PF13515","0"
"5935","PF13516","0"
"5936","PF13517","0"
"5937","PF13518","0"
"5938","PF13519","0"
"5939","PF13520","0"
"5940","PF13521","0"
"5941","PF13522","0"
"5942","PF13523","0"
"5943","PF13524","0"
"5944","PF13525","0"
"5945","PF13527","0"
"5946","PF13528","0"
"5947","PF13529","0"
"5948","PF13530","0"
"5949","PF13531","0"
"5950","PF13532","0"
"5951","PF13533","0"
"5952","PF13534","0"
"5953","PF13535","0"
"5954","PF13536","0"
"5955","PF13537","0"
"5956","PF13538","0"
"5957","PF13539","0"
"5958","PF13540","0"
"5959","PF13541","0"
"5960","PF13542","0"
"5961","PF13545","0"
"5962","PF13546","0"
"5963","PF13547","0"
"5964","PF13548","0"
"5965","PF13549","0"
"5966","PF13550","0"
"5967","PF13551","0"
"5968","PF13552","0"
"5969","PF13555","0"
"5970","PF13556","0"
"5971","PF13557","0"
"5972","PF13558","0"
"5973","PF13559","0"
"5974","PF13560","0"
"5975","PF13561","0"
"5976","PF13562","0"
"5977","PF13563","0"
"5978","PF13564","0"
"5979","PF13565","0"
"5980","PF13566","0"
"5981","PF13567","0"
"5982","PF13568","0"
"5983","PF13569","0"
"5984","PF13570","0"
"5985","PF13571","0"
"5986","PF13572","0"
"5987","PF13573","0"
"5988","PF13575","0"
"5989","PF13576","0"
"5990","PF13577","0"
"5991","PF13578","0"
"5992","PF13579","0"
"5993","PF13580","0"
"5994","PF13581","0"
"5995","PF13582","0"
"5996","PF13583","0"
"5997","PF13584","0"
"5998","PF13585","0"
"5999","PF13586","0"
"6000","PF13588","0"
"6001","PF13589","0"
"6002","PF13590","0"
"6003","PF13591","0"
"6004","PF13592","0"
"6005","PF13593","0"
"6006","PF13595","0"
"6007","PF13596","0"
"6008","PF13597","0"
"6009","PF13598","0"
"6010","PF13599","0"
"6011","PF13600","0"
"6012","PF13601","0"
"6013","PF13602","0"
"6014","PF13603","0"
"6015","PF13604","0"
"6016","PF13605","0"
"6017","PF13606","0"
"6018","PF13607","0"
"6019","PF13609","0"
"6020","PF13610","0"
"6021","PF13612","0"
"6022","PF13613","0"
"6023","PF13614","0"
"6024","PF13616","0"
"6025","PF13617","0"
"6026","PF13618","0"
"6027","PF13619","0"
"6028","PF13620","0"
"6029","PF13621","0"
"6030","PF13622","0"
"6031","PF13623","0"
"6032","PF13624","0"
"6033","PF13625","0"
"6034","PF13627","0"
"6035","PF13628","0"
"6036","PF13629","0"
"6037","PF13630","0"
"6038","PF13631","0"
"6039","PF13632","0"
"6040","PF13635","0"
"6041","PF13636","0"
"6042","PF13637","0"
"6043","PF13638","0"
"6044","PF13640","0"
"6045","PF13641","0"
"6046","PF13643","0"
"6047","PF13644","0"
"6048","PF13645","0"
"6049","PF13646","0"
"6050","PF13648","0"
"6051","PF13649","0"
"6052","PF13650","0"
"6053","PF13651","0"
"6054","PF13653","1"
"6055","PF13654","0"
"6056","PF13655","0"
"6057","PF13656","0"
"6058","PF13657","0"
"6059","PF13660","0"
"6060","PF13661","1"
"6061","PF13662","0"
"6062","PF13663","0"
"6063","PF13664","0"
"6064","PF13665","0"
"6065","PF13667","0"
"6066","PF13668","0"
"6067","PF13669","0"
"6068","PF13670","0"
"6069","PF13671","0"
"6070","PF13672","0"
"6071","PF13673","0"
"6072","PF13675","0"
"6073","PF13676","0"
"6074","PF13677","0"
"6075","PF13679","0"
"6076","PF13681","0"
"6077","PF13682","0"
"6078","PF13683","0"
"6079","PF13684","0"
"6080","PF13685","0"
"6081","PF13686","0"
"6082","PF13687","0"
"6083","PF13688","0"
"6084","PF13689","0"
"6085","PF13690","0"
"6086","PF13692","0"
"6087","PF13693","0"
"6088","PF13698","0"
"6089","PF13699","0"
"6090","PF13700","0"
"6091","PF13701","0"
"6092","PF13702","0"
"6093","PF13704","0"
"6094","PF13707","0"
"6095","PF13708","0"
"6096","PF13709","0"
"6097","PF13710","0"
"6098","PF13711","0"
"6099","PF13712","0"
"6100","PF13714","0"
"6101","PF13715","0"
"6102","PF13717","0"
"6103","PF13718","0"
"6104","PF13719","0"
"6105","PF13721","0"
"6106","PF13722","0"
"6107","PF13723","0"
"6108","PF13726","0"
"6109","PF13727","0"
"6110","PF13728","0"
"6111","PF13729","0"
"6112","PF13730","0"
"6113","PF13731","0"
"6114","PF13732","0"
"6115","PF13734","0"
"6116","PF13735","0"
"6117","PF13737","0"
"6118","PF13738","0"
"6119","PF13739","0"
"6120","PF13740","0"
"6121","PF13742","0"
"6122","PF13743","0"
"6123","PF13744","0"
"6124","PF13746","0"
"6125","PF13747","0"
"6126","PF13749","0"
"6127","PF13750","0"
"6128","PF13751","0"
"6129","PF13753","0"
"6130","PF13755","0"
"6131","PF13756","0"
"6132","PF13759","0"
"6133","PF13761","0"
"6134","PF13763","0"
"6135","PF13767","0"
"6136","PF13768","0"
"6137","PF13769","0"
"6138","PF13770","0"
"6139","PF13772","0"
"6140","PF13773","1"
"6141","PF13776","0"
"6142","PF13778","0"
"6143","PF13779","0"
"6144","PF13780","0"
"6145","PF13781","0"
"6146","PF13782","0"
"6147","PF13783","0"
"6148","PF13784","0"
"6149","PF13785","0"
"6150","PF13786","0"
"6151","PF13787","0"
"6152","PF13788","0"
"6153","PF13789","0"
"6154","PF13790","0"
"6155","PF13791","0"
"6156","PF13793","0"
"6157","PF13794","0"
"6158","PF13795","0"
"6159","PF13796","0"
"6160","PF13797","0"
"6161","PF13798","0"
"6162","PF13799","0"
"6163","PF13800","0"
"6164","PF13801","0"
"6165","PF13802","0"
"6166","PF13803","0"
"6167","PF13806","0"
"6168","PF13807","0"
"6169","PF13808","0"
"6170","PF13809","0"
"6171","PF13810","0"
"6172","PF13811","0"
"6173","PF13814","0"
"6174","PF13817","0"
"6175","PF13822","0"
"6176","PF13826","0"
"6177","PF13827","0"
"6178","PF13828","0"
"6179","PF13829","0"
"6180","PF13830","0"
"6181","PF13833","0"
"6182","PF13834","0"
"6183","PF13835","0"
"6184","PF13840","0"
"6185","PF13844","0"
"6186","PF13845","0"
"6187","PF13847","0"
"6188","PF13852","0"
"6189","PF13855","0"
"6190","PF13857","0"
"6191","PF13858","0"
"6192","PF13860","0"
"6193","PF13861","0"
"6194","PF13871","0"
"6195","PF13872","0"
"6196","PF13875","0"
"6197","PF13883","0"
"6198","PF13884","0"
"6199","PF13899","0"
"6200","PF13905","0"
"6201","PF13906","1"
"6202","PF13910","0"
"6203","PF13911","0"
"6204","PF13921","0"
"6205","PF13924","0"
"6206","PF13927","1"
"6207","PF13930","0"
"6208","PF13932","0"
"6209","PF13936","0"
"6210","PF13937","0"
"6211","PF13938","0"
"6212","PF13941","0"
"6213","PF13946","0"
"6214","PF13948","0"
"6215","PF13953","0"
"6216","PF13954","0"
"6217","PF13964","0"
"6218","PF13970","0"
"6219","PF13972","0"
"6220","PF13975","0"
"6221","PF13977","0"
"6222","PF13986","0"
"6223","PF13988","0"
"6224","PF13994","0"
"6225","PF13997","0"
"6226","PF14003","1"
"6227","PF14004","0"
"6228","PF14005","0"
"6229","PF14006","1"
"6230","PF14007","0"
"6231","PF14010","0"
"6232","PF14011","0"
"6233","PF14012","0"
"6234","PF14013","0"
"6235","PF14014","0"
"6236","PF14015","0"
"6237","PF14016","0"
"6238","PF14017","0"
"6239","PF14018","0"
"6240","PF14019","0"
"6241","PF14020","0"
"6242","PF14021","0"
"6243","PF14022","0"
"6244","PF14023","0"
"6245","PF14024","0"
"6246","PF14025","0"
"6247","PF14026","0"
"6248","PF14027","0"
"6249","PF14028","0"
"6250","PF14029","0"
"6251","PF14030","0"
"6252","PF14031","0"
"6253","PF14032","0"
"6254","PF14034","0"
"6255","PF14035","0"
"6256","PF14036","0"
"6257","PF14038","0"
"6258","PF14039","0"
"6259","PF14040","0"
"6260","PF14041","0"
"6261","PF14042","0"
"6262","PF14043","0"
"6263","PF14044","0"
"6264","PF14045","0"
"6265","PF14052","0"
"6266","PF14054","0"
"6267","PF14056","0"
"6268","PF14057","0"
"6269","PF14058","0"
"6270","PF14059","0"
"6271","PF14060","0"
"6272","PF14062","0"
"6273","PF14063","0"
"6274","PF14064","0"
"6275","PF14065","0"
"6276","PF14066","0"
"6277","PF14067","0"
"6278","PF14068","1"
"6279","PF14069","0"
"6280","PF14070","0"
"6281","PF14071","0"
"6282","PF14072","0"
"6283","PF14076","0"
"6284","PF14078","0"
"6285","PF14079","0"
"6286","PF14080","0"
"6287","PF14081","0"
"6288","PF14082","0"
"6289","PF14084","0"
"6290","PF14085","0"
"6291","PF14086","0"
"6292","PF14087","0"
"6293","PF14088","0"
"6294","PF14089","0"
"6295","PF14090","0"
"6296","PF14091","0"
"6297","PF14092","0"
"6298","PF14093","0"
"6299","PF14094","0"
"6300","PF14096","0"
"6301","PF14097","0"
"6302","PF14098","0"
"6303","PF14099","0"
"6304","PF14100","0"
"6305","PF14102","0"
"6306","PF14103","0"
"6307","PF14104","0"
"6308","PF14105","0"
"6309","PF14106","0"
"6310","PF14107","0"
"6311","PF14108","0"
"6312","PF14109","1"
"6313","PF14110","0"
"6314","PF14112","0"
"6315","PF14113","0"
"6316","PF14114","0"
"6317","PF14115","0"
"6318","PF14116","0"
"6319","PF14117","0"
"6320","PF14119","0"
"6321","PF14120","0"
"6322","PF14121","0"
"6323","PF14123","1"
"6324","PF14124","0"
"6325","PF14125","0"
"6326","PF14126","0"
"6327","PF14127","0"
"6328","PF14128","0"
"6329","PF14129","0"
"6330","PF14130","0"
"6331","PF14131","0"
"6332","PF14134","0"
"6333","PF14135","0"
"6334","PF14136","0"
"6335","PF14137","0"
"6336","PF14139","0"
"6337","PF14140","0"
"6338","PF14141","0"
"6339","PF14143","0"
"6340","PF14145","0"
"6341","PF14146","0"
"6342","PF14147","0"
"6343","PF14148","0"
"6344","PF14149","0"
"6345","PF14151","0"
"6346","PF14152","0"
"6347","PF14153","0"
"6348","PF14155","0"
"6349","PF14158","0"
"6350","PF14159","0"
"6351","PF14163","0"
"6352","PF14165","0"
"6353","PF14167","0"
"6354","PF14168","0"
"6355","PF14169","0"
"6356","PF14172","0"
"6357","PF14173","0"
"6358","PF14174","0"
"6359","PF14175","0"
"6360","PF14177","0"
"6361","PF14179","0"
"6362","PF14181","0"
"6363","PF14183","1"
"6364","PF14191","0"
"6365","PF14192","0"
"6366","PF14193","0"
"6367","PF14194","0"
"6368","PF14196","0"
"6369","PF14198","0"
"6370","PF14199","0"
"6371","PF14200","0"
"6372","PF14202","0"
"6373","PF14205","0"
"6374","PF14206","0"
"6375","PF14208","0"
"6376","PF14209","0"
"6377","PF14210","0"
"6378","PF14213","0"
"6379","PF14216","0"
"6380","PF14217","1"
"6381","PF14218","0"
"6382","PF14219","0"
"6383","PF14220","0"
"6384","PF14221","0"
"6385","PF14224","0"
"6386","PF14226","0"
"6387","PF14229","0"
"6388","PF14230","0"
"6389","PF14231","0"
"6390","PF14232","0"
"6391","PF14233","0"
"6392","PF14234","0"
"6393","PF14235","0"
"6394","PF14236","0"
"6395","PF14237","0"
"6396","PF14238","0"
"6397","PF14239","0"
"6398","PF14240","0"
"6399","PF14242","0"
"6400","PF14243","0"
"6401","PF14246","0"
"6402","PF14247","0"
"6403","PF14248","0"
"6404","PF14249","0"
"6405","PF14250","0"
"6406","PF14251","0"
"6407","PF14252","0"
"6408","PF14253","0"
"6409","PF14255","0"
"6410","PF14256","0"
"6411","PF14257","0"
"6412","PF14258","0"
"6413","PF14261","0"
"6414","PF14262","0"
"6415","PF14264","0"
"6416","PF14265","0"
"6417","PF14266","0"
"6418","PF14267","0"
"6419","PF14268","0"
"6420","PF14269","0"
"6421","PF14270","0"
"6422","PF14271","0"
"6423","PF14273","0"
"6424","PF14274","0"
"6425","PF14275","0"
"6426","PF14276","0"
"6427","PF14277","0"
"6428","PF14278","0"
"6429","PF14279","0"
"6430","PF14280","0"
"6431","PF14281","0"
"6432","PF14282","0"
"6433","PF14283","0"
"6434","PF14284","0"
"6435","PF14285","0"
"6436","PF14286","0"
"6437","PF14287","0"
"6438","PF14289","0"
"6439","PF14292","0"
"6440","PF14293","0"
"6441","PF14294","0"
"6442","PF14295","0"
"6443","PF14296","0"
"6444","PF14297","0"
"6445","PF14298","0"
"6446","PF14300","0"
"6447","PF14301","0"
"6448","PF14302","0"
"6449","PF14305","0"
"6450","PF14306","0"
"6451","PF14307","0"
"6452","PF14310","0"
"6453","PF14311","0"
"6454","PF14312","0"
"6455","PF14316","0"
"6456","PF14317","0"
"6457","PF14319","0"
"6458","PF14321","0"
"6459","PF14322","0"
"6460","PF14323","0"
"6461","PF14325","0"
"6462","PF14326","0"
"6463","PF14328","0"
"6464","PF14329","0"
"6465","PF14330","0"
"6466","PF14331","0"
"6467","PF14332","0"
"6468","PF14333","0"
"6469","PF14334","0"
"6470","PF14335","0"
"6471","PF14336","0"
"6472","PF14337","0"
"6473","PF14338","0"
"6474","PF14339","0"
"6475","PF14340","0"
"6476","PF14341","0"
"6477","PF14342","0"
"6478","PF14343","0"
"6479","PF14344","0"
"6480","PF14345","0"
"6481","PF14346","0"
"6482","PF14347","0"
"6483","PF14348","0"
"6484","PF14349","0"
"6485","PF14350","0"
"6486","PF14351","0"
"6487","PF14352","0"
"6488","PF14353","0"
"6489","PF14354","0"
"6490","PF14355","0"
"6491","PF14356","0"
"6492","PF14357","0"
"6493","PF14358","0"
"6494","PF14359","0"
"6495","PF14361","0"
"6496","PF14362","0"
"6497","PF14366","0"
"6498","PF14367","0"
"6499","PF14371","0"
"6500","PF14373","0"
"6501","PF14375","0"
"6502","PF14376","0"
"6503","PF14378","0"
"6504","PF14382","0"
"6505","PF14384","0"
"6506","PF14385","0"
"6507","PF14386","0"
"6508","PF14387","0"
"6509","PF14390","0"
"6510","PF14391","0"
"6511","PF14393","0"
"6512","PF14394","0"
"6513","PF14395","0"
"6514","PF14397","0"
"6515","PF14398","0"
"6516","PF14399","0"
"6517","PF14400","0"
"6518","PF14401","0"
"6519","PF14402","0"
"6520","PF14403","0"
"6521","PF14411","0"
"6522","PF14412","0"
"6523","PF14413","0"
"6524","PF14414","0"
"6525","PF14415","0"
"6526","PF14417","0"
"6527","PF14419","0"
"6528","PF14428","0"
"6529","PF14430","0"
"6530","PF14431","0"
"6531","PF14433","0"
"6532","PF14435","0"
"6533","PF14436","0"
"6534","PF14437","0"
"6535","PF14440","0"
"6536","PF14449","0"
"6537","PF14450","0"
"6538","PF14451","0"
"6539","PF14452","0"
"6540","PF14454","0"
"6541","PF14460","0"
"6542","PF14461","0"
"6543","PF14464","0"
"6544","PF14467","0"
"6545","PF14470","0"
"6546","PF14472","0"
"6547","PF14478","0"
"6548","PF14480","0"
"6549","PF14486","0"
"6550","PF14487","0"
"6551","PF14488","0"
"6552","PF14489","0"
"6553","PF14490","0"
"6554","PF14491","0"
"6555","PF14492","0"
"6556","PF14493","0"
"6557","PF14494","0"
"6558","PF14495","0"
"6559","PF14497","0"
"6560","PF14498","0"
"6561","PF14499","0"
"6562","PF14501","0"
"6563","PF14502","0"
"6564","PF14503","0"
"6565","PF14504","0"
"6566","PF14505","0"
"6567","PF14508","0"
"6568","PF14509","0"
"6569","PF14511","0"
"6570","PF14512","0"
"6571","PF14516","0"
"6572","PF14517","0"
"6573","PF14518","0"
"6574","PF14520","0"
"6575","PF14521","0"
"6576","PF14522","0"
"6577","PF14524","0"
"6578","PF14525","0"
"6579","PF14526","0"
"6580","PF14527","0"
"6581","PF14528","0"
"6582","PF14530","0"
"6583","PF14532","0"
"6584","PF14534","0"
"6585","PF14535","0"
"6586","PF14537","0"
"6587","PF14539","0"
"6588","PF14540","0"
"6589","PF14542","0"
"6590","PF14544","0"
"6591","PF14549","1"
"6592","PF14551","0"
"6593","PF14552","0"
"6594","PF14559","0"
"6595","PF14561","0"
"6596","PF14566","0"
"6597","PF14567","0"
"6598","PF14568","0"
"6599","PF14572","0"
"6600","PF14574","0"
"6601","PF14578","0"
"6602","PF14579","0"
"6603","PF14581","0"
"6604","PF14582","0"
"6605","PF14583","0"
"6606","PF14584","0"
"6607","PF14587","0"
"6608","PF14588","0"
"6609","PF14592","0"
"6610","PF14594","0"
"6611","PF14595","0"
"6612","PF14600","0"
"6613","PF14601","0"
"6614","PF14602","0"
"6615","PF14606","0"
"6616","PF14607","0"
"6617","PF14614","0"
"6618","PF14620","0"
"6619","PF14622","0"
"6620","PF14657","0"
"6621","PF14659","0"
"6622","PF14667","0"
"6623","PF14681","0"
"6624","PF14682","0"
"6625","PF14683","0"
"6626","PF14684","0"
"6627","PF14685","0"
"6628","PF14686","0"
"6629","PF14689","0"
"6630","PF14690","0"
"6631","PF14691","0"
"6632","PF14693","0"
"6633","PF14696","0"
"6634","PF14697","0"
"6635","PF14698","0"
"6636","PF14706","0"
"6637","PF14707","0"
"6638","PF14710","1"
"6639","PF14711","0"
"6640","PF14714","0"
"6641","PF14715","0"
"6642","PF14716","0"
"6643","PF14717","0"
"6644","PF14718","0"
"6645","PF14720","0"
"6646","PF14730","0"
"6647","PF14734","0"
"6648","PF14742","0"
"6649","PF14743","0"
"6650","PF14748","0"
"6651","PF14759","0"
"6652","PF14760","0"
"6653","PF14765","0"
"6654","PF14771","0"
"6655","PF14785","0"
"6656","PF14789","0"
"6657","PF14790","0"
"6658","PF14791","0"
"6659","PF14792","0"
"6660","PF14793","0"
"6661","PF14794","0"
"6662","PF14801","0"
"6663","PF14803","0"
"6664","PF14804","0"
"6665","PF14805","0"
"6666","PF14810","0"
"6667","PF14811","2"
"6668","PF14814","0"
"6669","PF14815","0"
"6670","PF14819","1"
"6671","PF14821","0"
"6672","PF14824","0"
"6673","PF14827","0"
"6674","PF14832","0"
"6675","PF14833","0"
"6676","PF14840","0"
"6677","PF14841","0"
"6678","PF14842","0"
"6679","PF14849","0"
"6680","PF14850","0"
"6681","PF14863","0"
"6682","PF14864","0"
"6683","PF14870","0"
"6684","PF14871","0"
"6685","PF14873","0"
"6686","PF14882","0"
"6687","PF14883","0"
"6688","PF14885","0"
"6689","PF14890","0"
"6690","PF14891","0"
"6691","PF14894","0"
"6692","PF14896","0"
"6693","PF14897","0"
"6694","PF14898","1"
"6695","PF14899","0"
"6696","PF14902","0"
"6697","PF14903","0"
"6698","PF14905","0"
"6699","PF14907","0"
"6700","PF14938","0"
"6701","PF14947","0"
"6702","PF15071","1"
"6703","PF15418","0"
"6704","PF15420","0"
"6705","PF15428","0"
"6706","PF15461","0"
"6707","PF15495","0"
"6708","PF15515","0"
"6709","PF15567","0"
"6710","PF15575","0"
"6711","PF15580","0"
"6712","PF15594","0"
"6713","PF15595","0"
"6714","PF15607","0"
"6715","PF15608","0"
"6716","PF15609","0"
"6717","PF15610","0"
"6718","PF15611","0"
"6719","PF15615","0"
"6720","PF15617","0"
"6721","PF15631","0"
"6722","PF15632","0"
"6723","PF15644","0"
"6724","PF15698","0"
"6725","PF15714","0"
"6726","PF15723","0"
"6727","PF15731","0"
"6728","PF15738","0"
"6729","PF15780","0"
"6730","PF15781","0"
"6731","PF15864","0"
"6732","PF15869","0"
"6733","PF15887","0"
"6734","PF15889","0"
"6735","PF15890","0"
"6736","PF15891","0"
"6737","PF15892","0"
"6738","PF15902","0"
"6739","PF15915","0"
"6740","PF15916","0"
"6741","PF15919","0"
"6742","PF15937","0"
"6743","PF15943","0"
"6744","PF15975","0"
"6745","PF15978","0"
"6746","PF15979","0"
"6747","PF15980","0"
"6748","PF15983","0"
"6749","PF15985","0"
"6750","PF16011","0"
"6751","PF16022","0"
"6752","PF16036","0"
"6753","PF16068","0"
"6754","PF16069","0"
"6755","PF16073","0"
"6756","PF16074","0"
"6757","PF16075","0"
"6758","PF16078","0"
"6759","PF16079","0"
"6760","PF16080","0"
"6761","PF16083","0"
"6762","PF16095","0"
"6763","PF16103","0"
"6764","PF16107","0"
"6765","PF16108","0"
"6766","PF16110","0"
"6767","PF16111","1"
"6768","PF16113","0"
"6769","PF16114","0"
"6770","PF16115","0"
"6771","PF16116","0"
"6772","PF16117","0"
"6773","PF16118","0"
"6774","PF16119","0"
"6775","PF16120","0"
"6776","PF16123","0"
"6777","PF16124","0"
"6778","PF16125","0"
"6779","PF16126","0"
"6780","PF16130","0"
"6781","PF16132","0"
"6782","PF16137","0"
"6783","PF16138","0"
"6784","PF16147","0"
"6785","PF16148","0"
"6786","PF16153","0"
"6787","PF16155","0"
"6788","PF16156","0"
"6789","PF16157","0"
"6790","PF16158","1"
"6791","PF16161","0"
"6792","PF16162","0"
"6793","PF16166","0"
"6794","PF16169","0"
"6795","PF16170","0"
"6796","PF16173","0"
"6797","PF16177","0"
"6798","PF16184","0"
"6799","PF16187","0"
"6800","PF16188","0"
"6801","PF16189","0"
"6802","PF16192","0"
"6803","PF16193","0"
"6804","PF16197","0"
"6805","PF16198","0"
"6806","PF16199","0"
"6807","PF16200","0"
"6808","PF16203","0"
"6809","PF16215","0"
"6810","PF16216","0"
"6811","PF16217","0"
"6812","PF16220","1"
"6813","PF16221","0"
"6814","PF16227","0"
"6815","PF16233","0"
"6816","PF16234","0"
"6817","PF16239","0"
"6818","PF16242","0"
"6819","PF16248","0"
"6820","PF16250","0"
"6821","PF16254","0"
"6822","PF16256","0"
"6823","PF16257","0"
"6824","PF16258","0"
"6825","PF16259","0"
"6826","PF16260","0"
"6827","PF16261","0"
"6828","PF16262","1"
"6829","PF16263","0"
"6830","PF16264","0"
"6831","PF16266","0"
"6832","PF16267","0"
"6833","PF16268","0"
"6834","PF16269","0"
"6835","PF16271","0"
"6836","PF16277","0"
"6837","PF16285","0"
"6838","PF16286","0"
"6839","PF16289","0"
"6840","PF16291","0"
"6841","PF16295","0"
"6842","PF16296","0"
"6843","PF16313","0"
"6844","PF16314","0"
"6845","PF16316","0"
"6846","PF16317","0"
"6847","PF16318","0"
"6848","PF16320","0"
"6849","PF16321","0"
"6850","PF16323","0"
"6851","PF16325","0"
"6852","PF16326","0"
"6853","PF16327","0"
"6854","PF16330","0"
"6855","PF16331","0"
"6856","PF16332","0"
"6857","PF16334","1"
"6858","PF16335","0"
"6859","PF16344","0"
"6860","PF16347","0"
"6861","PF16350","0"
"6862","PF16353","0"
"6863","PF16355","0"
"6864","PF16356","0"
"6865","PF16357","0"
"6866","PF16358","0"
"6867","PF16360","0"
"6868","PF16361","1"
"6869","PF16363","0"
"6870","PF16369","0"
"6871","PF16370","0"
"6872","PF16371","0"
"6873","PF16373","0"
"6874","PF16375","0"
"6875","PF16378","0"
"6876","PF16387","0"
"6877","PF16389","0"
"6878","PF16391","1"
"6879","PF16395","0"
"6880","PF16398","0"
"6881","PF16401","0"
"6882","PF16403","0"
"6883","PF16407","1"
"6884","PF16409","0"
"6885","PF16410","0"
"6886","PF16411","0"
"6887","PF16412","0"
"6888","PF16448","0"
"6889","PF16450","0"
"6890","PF16461","0"
"6891","PF16468","0"
"6892","PF16472","0"
"6893","PF16473","0"
"6894","PF16481","0"
"6895","PF16483","0"
"6896","PF16490","2"
"6897","PF16491","0"
"6898","PF16499","0"
"6899","PF16510","0"
"6900","PF16524","1"
"6901","PF16525","0"
"6902","PF16527","0"
"6903","PF16537","0"
"6904","PF16538","0"
"6905","PF16539","0"
"6906","PF16542","0"
"6907","PF16548","0"
"6908","PF16554","0"
"6909","PF16555","0"
"6910","PF16561","0"
"6911","PF16565","0"
"6912","PF16569","0"
"6913","PF16571","0"
"6914","PF16575","0"
"6915","PF16576","0"
"6916","PF16581","0"
"6917","PF16582","0"
"6918","PF16584","0"
"6919","PF16586","0"
"6920","PF16591","0"
"6921","PF16592","0"
"6922","PF16593","0"
"6923","PF16639","0"
"6924","PF16640","0"
"6925","PF16653","0"
"6926","PF16654","0"
"6927","PF16655","0"
"6928","PF16656","0"
"6929","PF16657","0"
"6930","PF16658","0"
"6931","PF16661","0"
"6932","PF16670","0"
"6933","PF16691","1"
"6934","PF16693","0"
"6935","PF16694","0"
"6936","PF16697","0"
"6937","PF16701","0"
"6938","PF16702","0"
"6939","PF16708","0"
"6940","PF16715","0"
"6941","PF16729","0"
"6942","PF16732","0"
"6943","PF16733","0"
"6944","PF16734","0"
"6945","PF16736","0"
"6946","PF16738","0"
"6947","PF16745","0"
"6948","PF16750","0"
"6949","PF16751","1"
"6950","PF16757","0"
"6951","PF16760","0"
"6952","PF16778","0"
"6953","PF16785","0"
"6954","PF16789","0"
"6955","PF16793","0"
"6956","PF16795","0"
"6957","PF16798","0"
"6958","PF16802","2"
"6959","PF16811","0"
"6960","PF16816","0"
"6961","PF16819","0"
"6962","PF16820","1"
"6963","PF16822","0"
"6964","PF16823","0"
"6965","PF16827","1"
"6966","PF16841","0"
"6967","PF16844","0"
"6968","PF16859","0"
"6969","PF16861","0"
"6970","PF16864","0"
"6971","PF16867","0"
"6972","PF16868","0"
"6973","PF16870","0"
"6974","PF16871","0"
"6975","PF16872","0"
"6976","PF16874","0"
"6977","PF16875","0"
"6978","PF16881","0"
"6979","PF16884","0"
"6980","PF16886","0"
"6981","PF16888","0"
"6982","PF16889","0"
"6983","PF16896","1"
"6984","PF16897","0"
"6985","PF16901","0"
"6986","PF16906","0"
"6987","PF16911","0"
"6988","PF16912","0"
"6989","PF16916","0"
"6990","PF16917","0"
"6991","PF16918","0"
"6992","PF16919","0"
"6993","PF16921","0"
"6994","PF16924","0"
"6995","PF16925","0"
"6996","PF16926","0"
"6997","PF16927","0"
"6998","PF16930","0"
"6999","PF16932","0"
"7000","PF16933","0"
"7001","PF16935","0"
"7002","PF16945","0"
"7003","PF16947","0"
"7004","PF16949","0"
"7005","PF16951","0"
"7006","PF16952","0"
"7007","PF16955","0"
"7008","PF16956","0"
"7009","PF16957","0"
"7010","PF16962","0"
"7011","PF16967","0"
"7012","PF16970","0"
"7013","PF16976","0"
"7014","PF16980","0"
"7015","PF16982","0"
"7016","PF16983","0"
"7017","PF16989","0"
"7018","PF16990","0"
"7019","PF16992","0"
"7020","PF16993","0"
"7021","PF16995","0"
"7022","PF16998","1"
"7023","PF16999","0"
"7024","PF17032","0"
"7025","PF17033","0"
"7026","PF17042","0"
"7027","PF17048","0"
"7028","PF17070","0"
"7029","PF17090","1"
"7030","PF17092","0"
"7031","PF17099","0"
"7032","PF17101","1"
"7033","PF17102","0"
"7034","PF17103","0"
"7035","PF17113","0"
"7036","PF17116","0"
"7037","PF17124","0"
"7038","PF17125","0"
"7039","PF17126","0"
"7040","PF17127","0"
"7041","PF17128","0"
"7042","PF17131","0"
"7043","PF17132","0"
"7044","PF17135","0"
"7045","PF17136","0"
"7046","PF17137","0"
"7047","PF17140","0"
"7048","PF17144","0"
"7049","PF17146","0"
"7050","PF17147","0"
"7051","PF17148","0"
"7052","PF17149","1"
"7053","PF17150","0"
"7054","PF17152","0"
"7055","PF17158","0"
"7056","PF17159","0"
"7057","PF17161","0"
"7058","PF17162","0"
"7059","PF17164","0"
"7060","PF17166","0"
"7061","PF17167","0"
"7062","PF17168","1"
"7063","PF17170","0"
"7064","PF17171","0"
"7065","PF17172","0"
"7066","PF17173","0"
"7067","PF17174","0"
"7068","PF17176","0"
"7069","PF17179","0"
"7070","PF17185","0"
"7071","PF17186","0"
"7072","PF17188","0"
"7073","PF17189","0"
"7074","PF17191","0"
"7075","PF17192","3"
"7076","PF17193","0"
"7077","PF17194","0"
"7078","PF17195","0"
"7079","PF17196","0"
"7080","PF17197","0"
"7081","PF17198","1"
"7082","PF17200","0"
"7083","PF17201","0"
"7084","PF17202","0"
"7085","PF17203","0"
"7086","PF17206","0"
"7087","PF17207","0"
"7088","PF17209","0"
"7089","PF17210","0"
"7090","PF17214","0"
"7091","PF17227","0"
"7092","PF17228","0"
"7093","PF17230","0"
"7094","PF17231","0"
"7095","PF17236","0"
"7096","PF17240","0"
"7097","PF17243","0"
"7098","PF17247","0"
"7099","PF17248","0"
"7100","PF17249","1"
"7101","PF17251","0"
"7102","PF17252","2"
"7103","PF17253","0"
"7104","PF17255","0"
"7105","PF17258","0"
"7106","PF17259","0"
"7107","PF17260","1"
"7108","PF17261","0"
"7109","PF17262","0"
"7110","PF17263","0"
"7111","PF17264","0"
"7112","PF17265","0"
"7113","PF17267","0"
"7114","PF17270","0"
"7115","PF17272","0"
"7116","PF17273","0"
"7117","PF17277","0"
"7118","PF17279","0"
"7119","PF17280","0"
"7120","PF17283","0"
"7121","PF17284","0"
"7122","PF17287","0"
"7123","PF17288","0"
"7124","PF17289","0"
"7125","PF17291","0"
"7126","PF17293","0"
"7127","PF17295","0"
"7128","PF17297","0"
"7129","PF17299","1"
"7130","PF17302","0"
"7131","PF17319","0"
"7132","PF17328","0"
"7133","PF17329","0"
"7134","PF17376","0"
"7135","PF17377","1"
"7136","PF17384","0"
"7137","PF17385","0"
"7138","PF17386","0"
"7139","PF17389","0"
"7140","PF17390","0"
"7141","PF17391","0"
"7142","PF17392","0"
"7143","PF17396","0"
"7144","PF17401","0"
"7145","PF17408","0"
"7146","PF17409","0"
"7147","PF17414","0"
"7148","PF17415","0"
"7149","PF17425","0"
"7150","PF17428","0"
"7151","PF17432","0"
"7152","PF17435","0"
"7153","PF17446","0"
"7154","PF17451","0"
"7155","PF17455","0"
"7156","PF17458","0"
"7157","PF17459","0"
"7158","PF17461","0"
"7159","PF17479","0"
"7160","PF17481","0"
"7161","PF17482","0"
"7162","PF17516","0"
"7163","PF17517","0"
"7164","PF17541","0"
"7165","PF17555","0"
"7166","PF17561","0"
"7167","PF17642","0"
"7168","PF17645","0"
"7169","PF17647","0"
"7170","PF17648","0"
"7171","PF17650","0"
"7172","PF17651","0"
"7173","PF17652","0"
"7174","PF17653","0"
"7175","PF17655","0"
"7176","PF17656","0"
"7177","PF17657","0"
"7178","PF17660","0"
"7179","PF17668","0"
"7180","PF17674","0"
"7181","PF17676","0"
"7182","PF17677","0"
"7183","PF17678","0"
"7184","PF17680","0"
"7185","PF17689","1"
"7186","PF17723","0"
"7187","PF17726","0"
"7188","PF17727","0"
"7189","PF17728","0"
"7190","PF17746","0"
"7191","PF17753","0"
"7192","PF17754","0"
"7193","PF17755","0"
"7194","PF17757","0"
"7195","PF17758","0"
"7196","PF17759","0"
"7197","PF17760","0"
"7198","PF17761","0"
"7199","PF17762","0"
"7200","PF17763","0"
"7201","PF17764","0"
"7202","PF17765","0"
"7203","PF17766","0"
"7204","PF17767","0"
"7205","PF17768","0"
"7206","PF17769","0"
"7207","PF17770","0"
"7208","PF17773","0"
"7209","PF17774","0"
"7210","PF17775","0"
"7211","PF17777","0"
"7212","PF17778","0"
"7213","PF17782","0"
"7214","PF17783","0"
"7215","PF17784","0"
"7216","PF17785","0"
"7217","PF17786","0"
"7218","PF17788","0"
"7219","PF17792","0"
"7220","PF17801","0"
"7221","PF17802","0"
"7222","PF17803","0"
"7223","PF17804","0"
"7224","PF17805","0"
"7225","PF17806","0"
"7226","PF17810","0"
"7227","PF17815","0"
"7228","PF17816","0"
"7229","PF17820","0"
"7230","PF17827","0"
"7231","PF17829","0"
"7232","PF17831","0"
"7233","PF17835","0"
"7234","PF17836","0"
"7235","PF17837","0"
"7236","PF17841","0"
"7237","PF17844","0"
"7238","PF17848","0"
"7239","PF17850","0"
"7240","PF17851","0"
"7241","PF17853","0"
"7242","PF17854","0"
"7243","PF17855","0"
"7244","PF17856","0"
"7245","PF17862","0"
"7246","PF17863","0"
"7247","PF17864","0"
"7248","PF17866","0"
"7249","PF17868","0"
"7250","PF17871","0"
"7251","PF17874","0"
"7252","PF17876","0"
"7253","PF17881","0"
"7254","PF17882","0"
"7255","PF17883","0"
"7256","PF17884","0"
"7257","PF17885","0"
"7258","PF17886","0"
"7259","PF17892","0"
"7260","PF17898","0"
"7261","PF17899","0"
"7262","PF17900","0"
"7263","PF17910","0"
"7264","PF17912","0"
"7265","PF17914","0"
"7266","PF17915","0"
"7267","PF17918","0"
"7268","PF17920","0"
"7269","PF17922","0"
"7270","PF17924","0"
"7271","PF17925","0"
"7272","PF17926","0"
"7273","PF17928","0"
"7274","PF17929","0"
"7275","PF17930","0"
"7276","PF17931","0"
"7277","PF17932","0"
"7278","PF17933","0"
"7279","PF17934","0"
"7280","PF17935","0"
"7281","PF17936","0"
"7282","PF17937","0"
"7283","PF17938","0"
"7284","PF17939","0"
"7285","PF17940","0"
"7286","PF17941","0"
"7287","PF17944","0"
"7288","PF17946","0"
"7289","PF17948","0"
"7290","PF17952","0"
"7291","PF17953","0"
"7292","PF17954","0"
"7293","PF17955","0"
"7294","PF17956","0"
"7295","PF17957","0"
"7296","PF17961","0"
"7297","PF17962","0"
"7298","PF17963","0"
"7299","PF17964","0"
"7300","PF17965","0"
"7301","PF17966","0"
"7302","PF17967","0"
"7303","PF17969","0"
"7304","PF17970","0"
"7305","PF17972","0"
"7306","PF17973","0"
"7307","PF17974","0"
"7308","PF17975","0"
"7309","PF17985","0"
"7310","PF17989","0"
"7311","PF17990","0"
"7312","PF17991","0"
"7313","PF17992","0"
"7314","PF17994","0"
"7315","PF17996","0"
"7316","PF17998","0"
"7317","PF18000","0"
"7318","PF18003","0"
"7319","PF18006","0"
"7320","PF18007","1"
"7321","PF18009","1"
"7322","PF18011","0"
"7323","PF18013","0"
"7324","PF18014","0"
"7325","PF18019","0"
"7326","PF18024","0"
"7327","PF18027","1"
"7328","PF18029","0"
"7329","PF18030","0"
"7330","PF18040","0"
"7331","PF18046","0"
"7332","PF18050","0"
"7333","PF18053","0"
"7334","PF18065","0"
"7335","PF18069","1"
"7336","PF18072","0"
"7337","PF18073","0"
"7338","PF18074","0"
"7339","PF18075","0"
"7340","PF18076","1"
"7341","PF18079","0"
"7342","PF18080","0"
"7343","PF18081","0"
"7344","PF18082","0"
"7345","PF18083","0"
"7346","PF18085","0"
"7347","PF18087","2"
"7348","PF18088","1"
"7349","PF18089","0"
"7350","PF18090","0"
"7351","PF18092","0"
"7352","PF18093","0"
"7353","PF18094","1"
"7354","PF18095","0"
"7355","PF18096","0"
"7356","PF18099","0"
"7357","PF18105","0"
"7358","PF18106","0"
"7359","PF18113","0"
"7360","PF18120","0"
"7361","PF18125","0"
"7362","PF18127","0"
"7363","PF18128","0"
"7364","PF18130","0"
"7365","PF18133","0"
"7366","PF18134","0"
"7367","PF18135","0"
"7368","PF18140","0"
"7369","PF18143","0"
"7370","PF18144","0"
"7371","PF18145","0"
"7372","PF18146","0"
"7373","PF18152","0"
"7374","PF18153","0"
"7375","PF18154","0"
"7376","PF18155","0"
"7377","PF18157","0"
"7378","PF18158","0"
"7379","PF18164","1"
"7380","PF18174","0"
"7381","PF18175","0"
"7382","PF18181","0"
"7383","PF18182","0"
"7384","PF18183","0"
"7385","PF18184","0"
"7386","PF18195","0"
"7387","PF18197","0"
"7388","PF18200","0"
"7389","PF18202","0"
"7390","PF18203","1"
"7391","PF18204","0"
"7392","PF18206","0"
"7393","PF18211","0"
"7394","PF18267","0"
"7395","PF18269","0"
"7396","PF18276","0"
"7397","PF18277","0"
"7398","PF18288","1"
"7399","PF18291","0"
"7400","PF18294","0"
"7401","PF18297","0"
"7402","PF18299","0"
"7403","PF18301","0"
"7404","PF18305","0"
"7405","PF18306","0"
"7406","PF18310","1"
"7407","PF18312","0"
"7408","PF18313","0"
"7409","PF18317","0"
"7410","PF18318","0"
"7411","PF18319","0"
"7412","PF18320","0"
"7413","PF18321","0"
"7414","PF18324","0"
"7415","PF18327","0"
"7416","PF18328","0"
"7417","PF18329","1"
"7418","PF18330","0"
"7419","PF18331","0"
"7420","PF18335","0"
"7421","PF18337","0"
"7422","PF18339","0"
"7423","PF18347","0"
"7424","PF18348","0"
"7425","PF18352","0"
"7426","PF18357","0"
"7427","PF18364","0"
"7428","PF18367","0"
"7429","PF18368","0"
"7430","PF18369","1"
"7431","PF18370","0"
"7432","PF18374","1"
"7433","PF18376","0"
"7434","PF18381","0"
"7435","PF18389","0"
"7436","PF18393","0"
"7437","PF18395","0"
"7438","PF18406","0"
"7439","PF18407","0"
"7440","PF18412","0"
"7441","PF18413","0"
"7442","PF18415","0"
"7443","PF18416","1"
"7444","PF18417","1"
"7445","PF18419","0"
"7446","PF18421","0"
"7447","PF18423","0"
"7448","PF18426","0"
"7449","PF18427","0"
"7450","PF18429","1"
"7451","PF18431","0"
"7452","PF18433","0"
"7453","PF18435","0"
"7454","PF18438","0"
"7455","PF18446","0"
"7456","PF18448","0"
"7457","PF18449","0"
"7458","PF18451","0"
"7459","PF18456","0"
"7460","PF18458","0"
"7461","PF18462","0"
"7462","PF18465","0"
"7463","PF18470","0"
"7464","PF18475","0"
"7465","PF18476","0"
"7466","PF18477","0"
"7467","PF18478","0"
"7468","PF18480","0"
"7469","PF18481","0"
"7470","PF18483","0"
"7471","PF18489","0"
"7472","PF18490","0"
"7473","PF18494","0"
"7474","PF18495","0"
"7475","PF18533","0"
"7476","PF18537","0"
"7477","PF18541","0"
"7478","PF18543","0"
"7479","PF18545","0"
"7480","PF18546","0"
"7481","PF18551","0"
"7482","PF18555","0"
"7483","PF18556","0"
"7484","PF18557","0"
"7485","PF18559","0"
"7486","PF18560","0"
"7487","PF18563","0"
"7488","PF18564","0"
"7489","PF18565","0"
"7490","PF18571","0"
"7491","PF18573","0"
"7492","PF18575","0"
"7493","PF18576","0"
"7494","PF18578","0"
"7495","PF18579","0"
"7496","PF18582","0"
"7497","PF18583","0"
"7498","PF18588","0"
"7499","PF18593","0"
"7500","PF18598","0"
"7501","PF18602","0"
"7502","PF18603","0"
"7503","PF18604","0"
"7504","PF18614","0"
"7505","PF18616","0"
"7506","PF18620","0"
"7507","PF18655","1"
"7508","PF18657","0"
"7509","PF18662","0"
"7510","PF18665","0"
"7511","PF18676","0"
"7512","PF18677","0"
"7513","PF18693","0"
"7514","PF18698","0"
"7515","PF18705","0"
"7516","PF18719","0"
"7517","PF18725","5"
"7518","PF18726","0"
"7519","PF18728","0"
"7520","PF18730","0"
"7521","PF18731","0"
"7522","PF18734","0"
"7523","PF18735","0"
"7524","PF18737","0"
"7525","PF18739","0"
"7526","PF18741","0"
"7527","PF18742","0"
"7528","PF18754","0"
"7529","PF18755","0"
"7530","PF18761","0"
"7531","PF18764","0"
"7532","PF18765","0"
"7533","PF18766","0"
"7534","PF18768","0"
"7535","PF18780","0"
"7536","PF18793","0"
"7537","PF18796","0"
"7538","PF18798","0"
"7539","PF18801","1"
"7540","PF18810","0"
"7541","PF18812","0"
"7542","PF18818","0"
"7543","PF18821","0"
"7544","PF18822","0"
"7545","PF18836","0"
"7546","PF18844","0"
"7547","PF18845","0"
"7548","PF18846","0"
"7549","PF18848","0"
"7550","PF18849","0"
"7551","PF18854","0"
"7552","PF18856","0"
"7553","PF18857","0"
"7554","PF18859","0"
"7555","PF18860","0"
"7556","PF18862","0"
"7557","PF18863","0"
"7558","PF18864","0"
"7559","PF18878","0"
"7560","PF18883","0"
"7561","PF18884","0"
"7562","PF18885","0"
"7563","PF18886","0"
"7564","PF18887","0"
"7565","PF18888","0"
"7566","PF18889","0"
"7567","PF18893","0"
"7568","PF18894","0"
"7569","PF18895","0"
"7570","PF18897","0"
"7571","PF18898","1"
"7572","PF18899","0"
"7573","PF18900","0"
"7574","PF18901","0"
"7575","PF18902","0"
"7576","PF18903","0"
"7577","PF18904","0"
"7578","PF18905","0"
"7579","PF18906","0"
"7580","PF18907","0"
"7581","PF18910","0"
"7582","PF18911","0"
"7583","PF18912","0"
"7584","PF18913","0"
"7585","PF18914","0"
"7586","PF18915","0"
"7587","PF18916","0"
"7588","PF18917","0"
"7589","PF18918","0"
"7590","PF18919","0"
"7591","PF18920","0"
"7592","PF18921","0"
"7593","PF18922","0"
"7594","PF18924","0"
"7595","PF18925","0"
"7596","PF18926","0"
"7597","PF18927","0"
"7598","PF18928","0"
"7599","PF18929","0"
"7600","PF18930","0"
"7601","PF18931","0"
"7602","PF18932","0"
"7603","PF18933","0"
"7604","PF18934","0"
"7605","PF18935","0"
"7606","PF18936","0"
"7607","PF18937","0"
"7608","PF18938","0"
"7609","PF18939","0"
"7610","PF18940","0"
"7611","PF18942","0"
"7612","PF18943","0"
"7613","PF18944","0"
"7614","PF18945","0"
"7615","PF18946","0"
"7616","PF18947","0"
"7617","PF18948","0"
"7618","PF18949","0"
"7619","PF18950","0"
"7620","PF18951","0"
"7621","PF18952","0"
"7622","PF18953","0"
"7623","PF18955","0"
"7624","PF18956","0"
"7625","PF18957","0"
"7626","PF18959","0"
"7627","PF18960","0"
"7628","PF18961","1"
"7629","PF18962","0"
"7630","PF18963","1"
"7631","PF18964","0"
"7632","PF18967","0"
"7633","PF18970","0"
"7634","PF18974","0"
"7635","PF18975","0"
"7636","PF18976","0"
"7637","PF18977","0"
"7638","PF18978","0"
"7639","PF18979","0"
"7640","PF18981","0"
"7641","PF18982","1"
"7642","PF18985","1"
"7643","PF18986","0"
"7644","PF18990","0"
"7645","PF18991","0"
"7646","PF18994","0"
"7647","PF18998","0"
"7648","PF19026","0"
"7649","PF19027","0"
"7650","PF19029","0"
"7651","PF19040","0"
"7652","PF19044","0"
"7653","PF19045","0"
"7654","PF19050","2"
"7655","PF19051","0"
"7656","PF19053","0"
"7657","PF19054","0"
"7658","PF19076","0"
"7659","PF19077","0"
"7660","PF19078","0"
"7661","PF19079","0"
"7662","PF19081","0"
"7663","PF19085","0"
"7664","PF19086","0"
"7665","PF19087","0"
"7666","PF19089","0"
"7667","PF19090","1"
"7668","PF19091","0"
"7669","PF19093","0"
"7670","PF19094","0"
"7671","PF19095","0"
"7672","PF19096","0"
"7673","PF19098","0"
"7674","PF19099","0"
"7675","PF19100","1"
"7676","PF19101","0"
"7677","PF19102","0"
"7678","PF19103","0"
"7679","PF19104","0"
"7680","PF19106","0"
"7681","PF19107","0"
"7682","PF19108","0"
"7683","PF19109","0"
"7684","PF19110","0"
"7685","PF19111","0"
"7686","PF19112","0"
"7687","PF19113","0"
"7688","PF19115","0"
"7689","PF19116","0"
"7690","PF19118","0"
"7691","PF19119","0"
"7692","PF19120","1"
"7693","PF19121","0"
"7694","PF19122","1"
"7695","PF19123","0"
"7696","PF19124","0"
"7697","PF19125","1"
"7698","PF19126","2"
"7699","PF19127","0"
"7700","PF19128","0"
"7701","PF19129","0"
"7702","PF19130","1"
"7703","PF19131","0"
"7704","PF19132","1"
"7705","PF19133","0"
"7706","PF19134","0"
"7707","PF19135","0"
"7708","PF19136","0"
"7709","PF19137","0"
"7710","PF19138","0"
"7711","PF19139","2"
"7712","PF19143","0"
"7713","PF19145","2"
"7714","PF19146","0"
"7715","PF19148","0"
"7716","PF19187","0"
"7717","PF19190","0"
"7718","PF19193","0"
"7719","PF19200","0"
"7720","PF19238","0"
"7721","PF19247","0"
"7722","PF19258","0"
"7723","PF19263","0"
"7724","PF19264","0"
"7725","PF19265","0"
"7726","PF19266","0"
"7727","PF19268","0"
"7728","PF19269","0"
"7729","PF19275","0"
"7730","PF19276","0"
"7731","PF19277","0"
"7732","PF19278","0"
"7733","PF19279","0"
"7734","PF19288","0"
"7735","PF19289","0"
"7736","PF19290","0"
"7737","PF19291","0"
"7738","PF19292","1"
"7739","PF19293","0"
"7740","PF19294","0"
"7741","PF19295","0"
"7742","PF19296","0"
"7743","PF19297","0"
"7744","PF19298","0"
"7745","PF19299","0"
"7746","PF19300","0"
"7747","PF19301","0"
"7748","PF19302","0"
"7749","PF19303","0"
"7750","PF19304","0"
"7751","PF19305","0"
"7752","PF19306","0"
"7753","PF19307","0"
"7754","PF19308","0"
"7755","PF19310","0"
"7756","PF19312","0"
"7757","PF19313","0"
"7758","PF19319","0"
"7759","PF19320","2"
"7760","PF19327","0"
"7761","PF19328","0"
"7762","PF19335","0"
"7763","PF19344","0"
"7764","PF19346","1"
"7765","PF19347","0"
"7766","PF19348","0"
"7767","PF19349","3"
"7768","PF19350","1"
"7769","PF19351","1"
"7770","PF19352","0"
"7771","PF19353","0"
"7772","PF19354","0"
"7773","PF19356","1"
"7774","PF19357","0"
"7775","PF19358","0"
"7776","PF19359","0"
"7777","PF19360","0"
"7778","PF19361","0"
"7779","PF19362","0"
"7780","PF19363","1"
"7781","PF19364","0"
"7782","PF19365","0"
"7783","PF19366","0"
"7784","PF19367","2"
"7785","PF19368","0"
"7786","PF19371","0"
"7787","PF19372","0"
"7788","PF19378","2"
"7789","PF19402","0"
"7790","PF19403","0"
"7791","PF19404","0"
"7792","PF19406","0"
"7793","PF19407","0"
"7794","PF19408","0"
"7795","PF19413","0"
"7796","PF19420","0"
"7797","PF19425","0"
"7798","PF19436","0"
"7799","PF19443","0"
"7800","PF19447","0"
"7801","PF19450","1"
"7802","PF19451","0"
"7803","PF19452","0"
"7804","PF19455","0"
"7805","PF19456","1"
"7806","PF19457","1"
"7807","PF19458","0"
"7808","PF19459","0"
"7809","PF19460","1"
"7810","PF19461","0"
"7811","PF19462","1"
"7812","PF19473","0"
"7813","PF19474","0"
"7814","PF19478","0"
"7815","PF19480","0"
"7816","PF19481","0"
"7817","PF19484","0"
"7818","PF19489","0"
"7819","PF19493","0"
"7820","PF19494","0"
"7821","PF19501","0"
"7822","PF19502","0"
"7823","PF19510","0"
"7824","PF19512","0"
"7825","PF19514","0"
"7826","PF19515","0"
"7827","PF19516","0"
"7828","PF19524","0"
"7829","PF19527","0"
"7830","PF19528","0"
"7831","PF19529","0"
"7832","PF19530","0"
"7833","PF19538","0"
"7834","PF19539","0"
"7835","PF19540","0"
"7836","PF19541","0"
"7837","PF19543","0"
"7838","PF19545","0"
"7839","PF19556","0"
"7840","PF19557","0"
"7841","PF19558","0"
"7842","PF19560","1"
"7843","PF19562","0"
"7844","PF19567","0"
"7845","PF19568","0"
"7846","PF19569","2"
"7847","PF19570","0"
"7848","PF19571","0"
"7849","PF19572","0"
"7850","PF19573","0"
"7851","PF19574","0"
"7852","PF19575","0"
"7853","PF19576","1"
"7854","PF19577","0"
"7855","PF19578","0"
"7856","PF19579","0"
"7857","PF19580","0"
"7858","PF19581","0"
"7859","PF19582","0"
"7860","PF19583","0"
"7861","PF19587","0"
"7862","PF19588","0"
"7863","PF19589","0"
"7864","PF19596","0"
"7865","PF19599","0"
"7866","PF19605","0"
"7867","PF19606","0"
"7868","PF19607","0"
"7869","PF19608","0"
"7870","PF19609","0"
"7871","PF19614","0"
"7872","PF19617","0"
"7873","PF19620","0"
"7874","PF19621","0"
"7875","PF19622","0"
"7876","PF19626","0"
"7877","PF19628","0"
"7878","PF19629","0"
"7879","PF19630","0"
"7880","PF19631","0"
"7881","PF19635","0"
"7882","PF19638","0"
"7883","PF19643","0"
"7884","PF19646","1"
"7885","PF19648","0"
"7886","PF19649","0"
"7887","PF19650","0"
"7888","PF19651","0"
"7889","PF19652","0"
"7890","PF19654","0"
"7891","PF19655","0"
"7892","PF19656","0"
"7893","PF19660","2"
"7894","PF19661","1"
"7895","PF19662","1"
"7896","PF19663","0"
"7897","PF19664","0"
"7898","PF19665","0"
"7899","PF19668","0"
"7900","PF19669","1"
"7901","PF19670","0"
"7902","PF19671","0"
"7903","PF19673","0"
"7904","PF19674","0"
"7905","PF19676","0"
"7906","PF19677","0"
"7907","PF19686","0"
"7908","PF19690","0"
"7909","PF19694","0"
"7910","PF19700","0"
"7911","PF19707","0"
"7912","PF19728","0"
"7913","PF19730","0"
"7914","PF19732","0"
"7915","PF19733","0"
"7916","PF19741","0"
"7917","PF19742","2"
"7918","PF19744","0"
"7919","PF19754","0"
"7920","PF19755","1"
"7921","PF19760","0"
"7922","PF19762","0"
"7923","PF19763","1"
"7924","PF19765","0"
"7925","PF19767","0"
"7926","PF19769","0"
"7927","PF19773","0"
"7928","PF19775","0"
"7929","PF19776","0"
"7930","PF19777","0"
"7931","PF19778","0"
"7932","PF19780","0"
"7933","PF19781","0"
"7934","PF19783","0"
"7935","PF19785","1"
"7936","PF19786","0"
"7937","PF19788","0"
"7938","PF19789","0"
"7939","PF19792","0"
"7940","PF19794","1"
"7941","PF19795","0"
"7942","PF19796","1"
"7943","PF19798","0"
"7944","PF19799","0"
"7945","PF19801","0"
"7946","PF19802","0"
"7947","PF19803","0"
"7948","PF19807","0"
"7949","PF19809","1"
"7950","PF19810","0"
"7951","PF19814","0"
"7952","PF19815","0"
"7953","PF19818","0"
"7954","PF19821","0"
"7955","PF19824","0"
"7956","PF19827","0"
"7957","PF19833","0"
"7958","PF19834","0"
"7959","PF19838","0"
"7960","PF19839","0"
"7961","PF19841","0"
"7962","PF19842","0"
"7963","PF19843","0"
"7964","PF19844","1"
"7965","PF19845","0"
"7966","PF19848","0"
"7967","PF19849","0"
"7968","PF19850","0"
"7969","PF19851","0"
"7970","PF19852","0"
"7971","PF19853","0"
"7972","PF19858","0"
"7973","PF19864","0"
"7974","PF19865","0"
"7975","PF19866","0"
"7976","PF19867","0"
"7977","PF19868","1"
"7978","PF19870","0"
"7979","PF19872","0"
"7980","PF19877","0"
"7981","PF19878","0"
"7982","PF19883","0"
"7983","PF19886","0"
"7984","PF19887","0"
"7985","PF19888","0"
"7986","PF19889","0"
"7987","PF19890","0"
"7988","PF19891","0"
"7989","PF19893","0"
"7990","PF19898","0"
"7991","PF19904","0"
"7992","PF19906","0"
"7993","PF19909","0"
"7994","PF19911","0"
"7995","PF19912","0"
"7996","PF19916","0"
"7997","PF19927","0"
"7998","PF19928","0"
"7999","PF19931","0"
"8000","PF19935","0"
"8001","PF19937","1"
"8002","PF19939","0"
"8003","PF19950","0"
"8004","PF19953","0"
"8005","PF19955","0"
"8006","PF19956","0"
"8007","PF19964","0"
"8008","PF19985","1"
"8009","PF19991","0"
"8010","PF19992","0"
"8011","PF19993","0"
"8012","PF20001","0"
"8013","PF20008","1"
"8014","PF20009","0"
"8015","PF20013","0"
"8016","PF20014","0"
"8017","PF20016","0"
"8018","PF20020","0"
"8019","PF20024","0"
"8020","PF20026","0"
"8021","PF20027","0"
"8022","PF20028","0"
"8023","PF20029","0"
"8024","PF20030","0"
"8025","PF20033","0"
"8026","PF20035","2"
"8027","PF20037","0"
"8028","PF20038","0"
"8029","PF20039","0"
"8030","PF20040","0"
"8031","PF20041","0"
"8032","PF20042","0"
"8033","PF20043","0"
"8034","PF20044","1"
"8035","PF20045","0"
"8036","PF20046","0"
"8037","PF20047","0"
"8038","PF20050","0"
"8039","PF20056","0"
"8040","PF20057","0"
"8041","PF20058","0"
"8042","PF20059","0"
"8043","PF20060","0"
"8044","PF20061","0"
"8045","PF20062","0"
"8046","PF20064","0"
"8047","PF20065","0"
"8048","PF20066","0"
"8049","PF20067","0"
"8050","PF20068","0"
"8051","PF20072","0"
"8052","PF20074","0"
"8053","PF20075","0"
"8054","PF20077","0"
"8055","PF20078","0"
"8056","PF20079","0"
"8057","PF20080","0"
"8058","PF20082","0"
"8059","PF20083","0"
"8060","PF20084","0"
"8061","PF20085","0"
"8062","PF20086","1"
"8063","PF20087","0"
"8064","PF20088","0"
"8065","PF20089","0"
"8066","PF20090","0"
"8067","PF20091","0"
"8068","PF20092","0"
"8069","PF20094","0"
"8070","PF20095","0"
"8071","PF20096","0"
"8072","PF20097","0"
"8073","PF20099","0"
"8074","PF20101","0"
"8075","PF20102","0"
"8076","PF20103","0"
"8077","PF20104","0"
"8078","PF20105","1"
"8079","PF20106","0"
"8080","PF20107","0"
"8081","PF20108","0"
"8082","PF20109","0"
"8083","PF20110","0"
"8084","PF20111","0"
"8085","PF20112","0"
"8086","PF20113","0"
"8087","PF20114","0"
"8088","PF20115","0"
"8089","PF20116","0"
"8090","PF20117","0"
"8091","PF20118","0"
"8092","PF20119","0"
"8093","PF20120","0"
"8094","PF20121","0"
"8095","PF20122","0"
"8096","PF20123","0"
"8097","PF20124","0"
"8098","PF20125","0"
"8099","PF20126","0"
"8100","PF20127","0"
"8101","PF20128","0"
"8102","PF20129","0"
"8103","PF20130","0"
"8104","PF20131","0"
"8105","PF20132","0"
"8106","PF20134","0"
"8107","PF20135","0"
"8108","PF20136","0"
"8109","PF20137","0"
"8110","PF20138","0"
"8111","PF20139","0"
"8112","PF20140","0"
"8113","PF20142","0"
"8114","PF20143","0"
"8115","PF20148","0"
"8116","PF20154","0"
"8117","PF20155","0"
"8118","PF20157","0"
"8119","PF20159","1"
"8120","PF20161","0"
"8121","PF20169","0"
"8122","PF20171","0"
"8123","PF20172","0"
"8124","PF20176","0"
"8125","PF20177","0"
"8126","PF20181","0"
"8127","PF20182","0"
"8128","PF20199","0"
"8129","PF20208","0"
"8130","PF20213","0"
"8131","PF20216","0"
"8132","PF20217","0"
"8133","PF20220","0"
"8134","PF20221","0"
"8135","PF20226","0"
"8136","PF20227","0"
"8137","PF20228","0"
"8138","PF20229","0"
"8139","PF20230","0"
"8140","PF20232","0"
"8141","PF20239","0"
"8142","PF20240","0"
"8143","PF20242","0"
"8144","PF20243","0"
"8145","PF20245","5"
"8146","PF20247","0"
"8147","PF20248","0"
"8148","PF20249","0"
"8149","PF20250","0"
"8150","PF20251","0"
"8151","PF20254","0"
"8152","PF20256","0"
"8153","PF20257","0"
"8154","PF20258","0"
"8155","PF20259","0"
"8156","PF20260","0"
"8157","PF20265","0"
"8158","PF20268","0"
"8159","PF20274","0"
"8160","PF20275","0"
"8161","PF20282","0"
"8162","PF20283","0"
"8163","PF20288","0"
"8164","PF20293","0"
"8165","PF20297","0"
"8166","PF20308","0"
"8167","PF20310","0"
"8168","PF20311","0"
"8169","PF20316","0"
"8170","PF20327","0"
"8171","PF20329","0"
"8172","PF20332","0"
"8173","PF20334","0"
"8174","PF20340","0"
"8175","PF20343","0"
"8176","PF20347","0"
"8177","PF20348","0"
"8178","PF20349","0"
"8179","PF20351","0"
"8180","PF20358","0"
"8181","PF20364","0"
"8182","PF20365","0"
"8183","PF20376","0"
"8184","PF20381","0"
"8185","PF20382","0"
"8186","PF20383","0"
"8187","PF20384","0"
"8188","PF20386","0"
"8189","PF20389","0"
"8190","PF20391","0"
"8191","PF20393","0"
"8192","PF20398","0"
"8193","PF20401","0"
"8194","PF20407","1"
"8195","PF20408","0"
"8196","PF20409","0"
"8197","PF20410","0"
"8198","PF20419","0"
"8199","PF20420","0"
"8200","PF20423","0"
"8201","PF20429","2"
"8202","PF20432","0"
"8203","PF20434","0"
"8204","PF20436","0"
"8205","PF20437","0"
"8206","PF20438","0"
"8207","PF20439","0"
"8208","PF20441","0"
"8209","PF20442","0"
"8210","PF20444","1"
"8211","PF20446","0"
"8212","PF20447","1"
"8213","PF20448","0"
"8214","PF20454","0"
"8215","PF20455","1"
"8216","PF20459","0"
"8217","PF20461","0"
"8218","PF20463","0"
"8219","PF20464","0"
"8220","PF20465","0"
"8221","PF20466","0"
"8222","PF20467","0"
"8223","PF20469","0"
"8224","PF20470","0"
"8225","PF20471","0"
"8226","PF20473","0"
"8227","PF20487","0"
"8228","PF20498","0"
"8229","PF20501","0"
"8230","PF20509","0"
"8231","PF20510","0"
"8232","PF20511","0"
"8233","PF20512","0"
"8234","PF20514","0"
"8235","PF20530","0"
"8236","PF20542","0"
"8237","PF20543","0"
"8238","PF20544","1"
"8239","PF20545","0"
"8240","PF20546","0"
"8241","PF20547","0"
"8242","PF20549","1"
"8243","PF20551","0"
"8244","PF20552","0"
"8245","PF20554","0"
"8246","PF20556","0"
"8247","PF20560","0"
"8248","PF20563","0"
"8249","PF20565","0"
"8250","PF20567","0"
"8251","PF20568","0"
"8252","PF20570","1"
"8253","PF20575","0"
"8254","PF20576","2"
"8255","PF20578","0"
"8256","PF20579","0"
"8257","PF20580","0"
"8258","PF20581","0"
"8259","PF20582","0"
"8260","PF20583","0"
"8261","PF20584","0"
"8262","PF20585","0"
"8263","PF20586","0"
"8264","PF20587","0"
"8265","PF20589","0"
"8266","PF20597","0"
"8267","PF20598","0"
"8268","PF20600","0"
"8269","PF20601","0"
"8270","PF20603","0"
"8271","PF20604","0"
"8272","PF20605","0"
"8273","PF20606","0"
"8274","PF20611","0"
"8275","PF20612","0"
"8276","PF20613","0"
"8277","PF20615","0"
"8278","PF20616","0"
"8279","PF20619","0"
"8280","PF20620","0"
"8281","PF20622","0"
"8282","membraneprotein","0"
